Name,Image,Variation,Body Title,DIY,Customize,Kit Cost,Uses,Stack Size,Buy,Sell,HHA Base Points,Color 1,Color 2,Size,Set,Exchange Price,Exchange Currency,Source,Source Notes,Season/Event,Season/Event Exclusive,Version Added,Unlocked?,Filename,Variant ID,Internal ID,Unique Entry ID
axe,,NA,NA,Yes,No,NA,100,1,2500,625,0,None,None,1x1,None,NA,NA,Nook's Cranny; Crafting,,NA,NA,1.0.0,Yes,ToolAxe,NA,2100,iR9zzEhzpbXTGdkR4
bamboo wand,,NA,NA,Yes,No,NA,Unlimited,1,NFS,3900,201,None,None,1x1,None,NA,NA,Crafting,,young spring bamboo,Yes,1.0.0,Yes,ToolStickBamboo,NA,7590,YLjDYt9NhwTgoXhLD
bean-tossing kit,,NA,NA,No,No,NA,NA,1,800,200,201,Beige,Beige,1x1,None,NA,NA,Nook Shopping Seasonal,,Setsubun,Yes,1.7.0,Yes,ToolSoy0,NA,13914,Nn7qqRaw3SrP3Fd5H
blue balloon,,NA,NA,No,No,NA,Unlimited,1,600,150,0,None,None,1x1,None,NA,NA,Redd's Raffle; Nook's Cranny,Available from Redd's Raffle during Fireworks Shows; Available from Nook's Cranny rotating cabinet stock outside of August,Fireworks Show,No,1.4.0,Yes,ToolBalloonNormal,NA,7869,wZi9GW6MbpePQpvKY
blue sparkler,,NA,NA,No,No,NA,1,10,600,150,0,None,None,1x1,None,NA,NA,Redd's Raffle; Nook's Cranny,Available from Redd's Raffle during Fireworks Shows; Available from Nook's Cranny rotating cabinet stock outside of August,Fireworks Show,No,1.4.0,Yes,ToolFireworks1,NA,12974,nX6tAkPNA4xgzbhon
bubble blower,,NA,NA,No,No,NA,1,10,150,37,0,None,None,1x1,None,NA,NA,Redd's Raffle; Nook's Cranny,Available from Redd's Raffle during Fireworks Shows; Available from Nook's Cranny rotating cabinet stock outside of August,Fireworks Show,No,1.4.0,Yes,ToolBubblesNormal,NA,4386,CQmL5dEmhYEGkCJCF
bug wand,,NA,NA,No,No,NA,Unlimited,1,NFS,1500,501,None,None,1x1,None,NA,NA,Flick,,Bug-Off,Yes,1.0.0,Yes,ToolStcikInsect,NA,8769,vqp4KBeWgZjYbFj7Z
Bunny Day wand,,NA,NA,Yes,No,NA,Unlimited,1,NFS,11100,351,None,None,1x1,None,NA,NA,Crafting,,Bunny Day,Yes,1.1.0,Yes,ToolStickEgg,NA,12578,26wk773sY75rKY2P4
cherry-blossom wand,,NA,NA,Yes,No,NA,Unlimited,1,NFS,2700,0,None,None,1x1,None,NA,NA,Crafting,,cherry-blossom petals,Yes,1.0.0,Yes,ToolStickCherryblossom,NA,7589,WHHbg5ZqTMu4J2wm5
colorful fishing rod,,Yellow,Color,No,Yes,1,30,1,2500,625,0,None,None,1x1,Colorful Tools,NA,NA,Nook's Cranny,Available in Nook's Cranny (upgraded only),NA,NA,1.0.0,Yes,ToolFishingrodDuck_Remake_0_0,0_0,8472,ZTf6fzMoETiRSgYyv
colorful fishing rod,,Orange,Color,No,Yes,1,30,1,2500,625,0,None,None,1x1,Colorful Tools,NA,NA,Nook's Cranny,Available in Nook's Cranny (upgraded only),NA,NA,1.0.0,Yes,ToolFishingrodDuck_Remake_1_0,1_0,8472,9RuY2ZBRztSNDRrfy
colorful fishing rod,,Light blue,Color,No,Yes,1,30,1,2500,625,0,None,None,1x1,Colorful Tools,NA,NA,Nook's Cranny,Available in Nook's Cranny (upgraded only),NA,NA,1.0.0,Yes,ToolFishingrodDuck_Remake_2_0,2_0,8472,8PASMoPi9YgSBQ2LK
colorful fishing rod,,Pink,Color,No,Yes,1,30,1,2500,625,0,None,None,1x1,Colorful Tools,NA,NA,Nook's Cranny,Available in Nook's Cranny (upgraded only),NA,NA,1.0.0,Yes,ToolFishingrodDuck_Remake_3_0,3_0,8472,sfSivSgSps27Jaz5M
colorful fishing rod,,Green,Color,No,Yes,1,30,1,2500,625,0,None,None,1x1,Colorful Tools,NA,NA,Nook's Cranny,Available in Nook's Cranny (upgraded only),NA,NA,1.0.0,Yes,ToolFishingrodDuck_Remake_4_0,4_0,8472,vnSiERDKYDcddtuv6
colorful fishing rod,,Purple,Color,No,Yes,1,30,1,2500,625,0,None,None,1x1,Colorful Tools,NA,NA,Nook's Cranny,Available in Nook's Cranny (upgraded only),NA,NA,1.0.0,Yes,ToolFishingrodDuck_Remake_5_0,5_0,8472,avewXgm4JtCerDcd6
colorful fishing rod,,White,Color,No,Yes,1,30,1,2500,625,0,None,None,1x1,Colorful Tools,NA,NA,Nook's Cranny,Available in Nook's Cranny (upgraded only),NA,NA,1.0.0,Yes,ToolFishingrodDuck_Remake_6_0,6_0,8472,wmcSp5RZAczawLnJf
colorful fishing rod,,Gray,Color,No,Yes,1,30,1,2500,625,0,None,None,1x1,Colorful Tools,NA,NA,Nook's Cranny,Available in Nook's Cranny (upgraded only),NA,NA,1.0.0,Yes,ToolFishingrodDuck_Remake_7_0,7_0,8472,v76QddpoKv2M4XspK
colorful net,,Yellow & orange,Color,No,Yes,1,30,1,2500,625,0,None,None,1x1,Colorful Tools,NA,NA,Nook's Cranny,Available in Nook's Cranny (upgraded only),NA,NA,1.0.0,Yes,ToolNetPattern_Remake_0_0,0_0,8177,5wGjS9fxCaGhWK5Cv
colorful net,,Red & yellow,Color,No,Yes,1,30,1,2500,625,0,None,None,1x1,Colorful Tools,NA,NA,Nook's Cranny,Available in Nook's Cranny (upgraded only),NA,NA,1.0.0,Yes,ToolNetPattern_Remake_1_0,1_0,8177,k4Ssqq2DesuGTy6hy
colorful net,,Orange & blue,Color,No,Yes,1,30,1,2500,625,0,None,None,1x1,Colorful Tools,NA,NA,Nook's Cranny,Available in Nook's Cranny (upgraded only),NA,NA,1.0.0,Yes,ToolNetPattern_Remake_2_0,2_0,8177,6pJhWYNiuyZKuKvYz
colorful net,,Pink & yellow,Color,No,Yes,1,30,1,2500,625,0,None,None,1x1,Colorful Tools,NA,NA,Nook's Cranny,Available in Nook's Cranny (upgraded only),NA,NA,1.0.0,Yes,ToolNetPattern_Remake_3_0,3_0,8177,AmK8KNTDWxdrJH6h7
colorful net,,Green & blue,Color,No,Yes,1,30,1,2500,625,0,None,None,1x1,Colorful Tools,NA,NA,Nook's Cranny,Available in Nook's Cranny (upgraded only),NA,NA,1.0.0,Yes,ToolNetPattern_Remake_4_0,4_0,8177,zcdZjuNZWrHas5efC
colorful net,,Purple & pink,Color,No,Yes,1,30,1,2500,625,0,None,None,1x1,Colorful Tools,NA,NA,Nook's Cranny,Available in Nook's Cranny (upgraded only),NA,NA,1.0.0,Yes,ToolNetPattern_Remake_5_0,5_0,8177,cTrR3cREJBqWZyfN6
colorful net,,White & blue,Color,No,Yes,1,30,1,2500,625,0,None,None,1x1,Colorful Tools,NA,NA,Nook's Cranny,Available in Nook's Cranny (upgraded only),NA,NA,1.0.0,Yes,ToolNetPattern_Remake_6_0,6_0,8177,wFcTeKJ9gM4yLgfTQ
colorful net,,Gray & green,Color,No,Yes,1,30,1,2500,625,0,None,None,1x1,Colorful Tools,NA,NA,Nook's Cranny,Available in Nook's Cranny (upgraded only),NA,NA,1.0.0,Yes,ToolNetPattern_Remake_7_0,7_0,8177,kgBcZghywrT4j47vx
colorful shovel,,Yellow,Color,No,Yes,1,100,1,2500,625,0,None,None,1x1,Colorful Tools,NA,NA,Nook's Cranny,Available in Nook's Cranny (upgraded only),NA,NA,1.0.0,Yes,ToolScoopColorful_Remake_0_0,0_0,8577,ojvEkqxvFKKrrB6GR
colorful shovel,,Red,Color,No,Yes,1,100,1,2500,625,0,None,None,1x1,Colorful Tools,NA,NA,Nook's Cranny,Available in Nook's Cranny (upgraded only),NA,NA,1.0.0,Yes,ToolScoopColorful_Remake_1_0,1_0,8577,pnM6ygwcMS5KmSP6c
colorful shovel,,Blue,Color,No,Yes,1,100,1,2500,625,0,None,None,1x1,Colorful Tools,NA,NA,Nook's Cranny,Available in Nook's Cranny (upgraded only),NA,NA,1.0.0,Yes,ToolScoopColorful_Remake_2_0,2_0,8577,MYmh4oANQabcGNjJ6
colorful shovel,,Pink,Color,No,Yes,1,100,1,2500,625,0,None,None,1x1,Colorful Tools,NA,NA,Nook's Cranny,Available in Nook's Cranny (upgraded only),NA,NA,1.0.0,Yes,ToolScoopColorful_Remake_3_0,3_0,8577,c3Frxwsyo8PSKZNya
colorful shovel,,Green,Color,No,Yes,1,100,1,2500,625,0,None,None,1x1,Colorful Tools,NA,NA,Nook's Cranny,Available in Nook's Cranny (upgraded only),NA,NA,1.0.0,Yes,ToolScoopColorful_Remake_4_0,4_0,8577,RbQtnSAf4HNLKuao2
colorful shovel,,Purple,Color,No,Yes,1,100,1,2500,625,0,None,None,1x1,Colorful Tools,NA,NA,Nook's Cranny,Available in Nook's Cranny (upgraded only),NA,NA,1.0.0,Yes,ToolScoopColorful_Remake_5_0,5_0,8577,MiJwRTGjbkK5Jx3Zw
colorful shovel,,White,Color,No,Yes,1,100,1,2500,625,0,None,None,1x1,Colorful Tools,NA,NA,Nook's Cranny,Available in Nook's Cranny (upgraded only),NA,NA,1.0.0,Yes,ToolScoopColorful_Remake_6_0,6_0,8577,XCrHq3vFnD83kY2Sg
colorful shovel,,Black,Color,No,Yes,1,100,1,2500,625,0,None,None,1x1,Colorful Tools,NA,NA,Nook's Cranny,Available in Nook's Cranny (upgraded only),NA,NA,1.0.0,Yes,ToolScoopColorful_Remake_7_0,7_0,8577,zo7TsB8NzfnFDA7yS
colorful slingshot,,Yellow,Color,No,Yes,1,20,1,2500,625,0,None,None,1x1,Colorful Tools,NA,NA,Nook's Cranny,Available in Nook's Cranny (upgraded only),NA,NA,1.0.0,Yes,ToolSlingshotColorful_Remake_0_0,0_0,8580,dSvd9K7sRTbx6k5cd
colorful slingshot,,Red,Color,No,Yes,1,20,1,2500,625,0,None,None,1x1,Colorful Tools,NA,NA,Nook's Cranny,Available in Nook's Cranny (upgraded only),NA,NA,1.0.0,Yes,ToolSlingshotColorful_Remake_1_0,1_0,8580,WAcZwYerSQtwujaPZ
colorful slingshot,,Blue,Color,No,Yes,1,20,1,2500,625,0,None,None,1x1,Colorful Tools,NA,NA,Nook's Cranny,Available in Nook's Cranny (upgraded only),NA,NA,1.0.0,Yes,ToolSlingshotColorful_Remake_2_0,2_0,8580,k7afhFcA5Pqd8qu5F
colorful slingshot,,Pink,Color,No,Yes,1,20,1,2500,625,0,None,None,1x1,Colorful Tools,NA,NA,Nook's Cranny,Available in Nook's Cranny (upgraded only),NA,NA,1.0.0,Yes,ToolSlingshotColorful_Remake_3_0,3_0,8580,GBqsH5XYgDHk8wGAz
colorful slingshot,,Green,Color,No,Yes,1,20,1,2500,625,0,None,None,1x1,Colorful Tools,NA,NA,Nook's Cranny,Available in Nook's Cranny (upgraded only),NA,NA,1.0.0,Yes,ToolSlingshotColorful_Remake_4_0,4_0,8580,qq67sn4aq9w7w9Ga2
colorful slingshot,,Purple,Color,No,Yes,1,20,1,2500,625,0,None,None,1x1,Colorful Tools,NA,NA,Nook's Cranny,Available in Nook's Cranny (upgraded only),NA,NA,1.0.0,Yes,ToolSlingshotColorful_Remake_5_0,5_0,8580,2JHaGhkbpoa4qbhge
colorful slingshot,,White,Color,No,Yes,1,20,1,2500,625,0,None,None,1x1,Colorful Tools,NA,NA,Nook's Cranny,Available in Nook's Cranny (upgraded only),NA,NA,1.0.0,Yes,ToolSlingshotColorful_Remake_6_0,6_0,8580,cQYdSQ4MzKcnYAyc8
colorful slingshot,,Black,Color,No,Yes,1,20,1,2500,625,0,None,None,1x1,Colorful Tools,NA,NA,Nook's Cranny,Available in Nook's Cranny (upgraded only),NA,NA,1.0.0,Yes,ToolSlingshotColorful_Remake_7_0,7_0,8580,KiTQgsCkJSTq6ssm6
colorful watering can,,Yellow,Color,No,Yes,1,60,1,2500,625,0,None,None,1x1,Colorful Tools,NA,NA,Nook's Cranny,Available in Nook's Cranny (upgraded only),NA,NA,1.0.0,Yes,ToolWateringColorful_Remake_0_0,0_0,8534,35yzBzko3wrMwHjST
colorful watering can,,Red,Color,No,Yes,1,60,1,2500,625,0,None,None,1x1,Colorful Tools,NA,NA,Nook's Cranny,Available in Nook's Cranny (upgraded only),NA,NA,1.0.0,Yes,ToolWateringColorful_Remake_1_0,1_0,8534,ngYPKLyn5xXawzas3
colorful watering can,,Blue,Color,No,Yes,1,60,1,2500,625,0,None,None,1x1,Colorful Tools,NA,NA,Nook's Cranny,Available in Nook's Cranny (upgraded only),NA,NA,1.0.0,Yes,ToolWateringColorful_Remake_2_0,2_0,8534,QxhyiwvJWyAShwyhJ
colorful watering can,,Pink,Color,No,Yes,1,60,1,2500,625,0,None,None,1x1,Colorful Tools,NA,NA,Nook's Cranny,Available in Nook's Cranny (upgraded only),NA,NA,1.0.0,Yes,ToolWateringColorful_Remake_3_0,3_0,8534,yuB5QpzCg94HN6u4g
colorful watering can,,Green,Color,No,Yes,1,60,1,2500,625,0,None,None,1x1,Colorful Tools,NA,NA,Nook's Cranny,Available in Nook's Cranny (upgraded only),NA,NA,1.0.0,Yes,ToolWateringColorful_Remake_4_0,4_0,8534,q3p2jaJBt5gD2HRkZ
colorful watering can,,Purple,Color,No,Yes,1,60,1,2500,625,0,None,None,1x1,Colorful Tools,NA,NA,Nook's Cranny,Available in Nook's Cranny (upgraded only),NA,NA,1.0.0,Yes,ToolWateringColorful_Remake_5_0,5_0,8534,fAm9eEkidwn5LSjSd
colorful watering can,,White,Color,No,Yes,1,60,1,2500,625,0,None,None,1x1,Colorful Tools,NA,NA,Nook's Cranny,Available in Nook's Cranny (upgraded only),NA,NA,1.0.0,Yes,ToolWateringColorful_Remake_6_0,6_0,8534,4ySFWfB9G3KCq8sKf
colorful watering can,,Black,Color,No,Yes,1,60,1,2500,625,0,None,None,1x1,Colorful Tools,NA,NA,Nook's Cranny,Available in Nook's Cranny (upgraded only),NA,NA,1.0.0,Yes,ToolWateringColorful_Remake_7_0,7_0,8534,yLHsKfxS39qTMyZ67
cosmos wand,,NA,NA,Yes,No,NA,Unlimited,1,NFS,1580,0,None,None,1x1,None,NA,NA,Crafting,,NA,NA,1.0.0,Yes,ToolStickCosmos,NA,5092,vNqGM6xMEtteYKoza
elephant watering can,,Gray,Color,No,Yes,1,60,1,2500,625,0,None,None,1x1,None,NA,NA,Nook's Cranny,Available in Nook's Cranny (upgraded only),NA,NA,1.0.0,Yes,ToolWateringElephant_Remake_0_0,0_0,8535,AjAhCPjQAreLmqKCB
elephant watering can,,Green,Color,No,Yes,1,60,1,2500,625,0,None,None,1x1,None,NA,NA,Nook's Cranny,Available in Nook's Cranny (upgraded only),NA,NA,1.0.0,Yes,ToolWateringElephant_Remake_1_0,1_0,8535,JBApgvSrYbJcSmsd2
elephant watering can,,Blue,Color,No,Yes,1,60,1,2500,625,0,None,None,1x1,None,NA,NA,Nook's Cranny,Available in Nook's Cranny (upgraded only),NA,NA,1.0.0,Yes,ToolWateringElephant_Remake_2_0,2_0,8535,HcqA5ggg9XBLsfYNK
elephant watering can,,Pink,Color,No,Yes,1,60,1,2500,625,0,None,None,1x1,None,NA,NA,Nook's Cranny,Available in Nook's Cranny (upgraded only),NA,NA,1.0.0,Yes,ToolWateringElephant_Remake_3_0,3_0,8535,mvF2W6yf4hcXLu3eM
elephant watering can,,Red,Color,No,Yes,1,60,1,2500,625,0,None,None,1x1,None,NA,NA,Nook's Cranny,Available in Nook's Cranny (upgraded only),NA,NA,1.0.0,Yes,ToolWateringElephant_Remake_4_0,4_0,8535,B6oWDPizvZRRBDbop
elephant watering can,,Yellow,Color,No,Yes,1,60,1,2500,625,0,None,None,1x1,None,NA,NA,Nook's Cranny,Available in Nook's Cranny (upgraded only),NA,NA,1.0.0,Yes,ToolWateringElephant_Remake_5_0,5_0,8535,AoZCaqfJYb6TSNctg
elephant watering can,,Light blue,Color,No,Yes,1,60,1,2500,625,0,None,None,1x1,None,NA,NA,Nook's Cranny,Available in Nook's Cranny (upgraded only),NA,NA,1.0.0,Yes,ToolWateringElephant_Remake_6_0,6_0,8535,cBG6avJmvncbTX56k
elephant watering can,,Black,Color,No,Yes,1,60,1,2500,625,0,None,None,1x1,None,NA,NA,Nook's Cranny,Available in Nook's Cranny (upgraded only),NA,NA,1.0.0,Yes,ToolWateringElephant_Remake_7_0,7_0,8535,XphbdnArYGwJp8kmj
fiery cheer megaphone,,NA,NA,No,No,NA,NA,1,1500,375,201,Red,Black,1x1,None,NA,NA,Nook Shopping Seasonal,,Big Game Celebration (1),Yes,1.7.0,Yes,ToolMegaphone1,NA,14013,rxtP9gBPZoKuEbQQs
fish fishing rod,,Green,Color,No,Yes,1,30,1,2500,625,0,None,None,1x1,None,NA,NA,Nook's Cranny,Available in Nook's Cranny (upgraded only),NA,NA,1.0.0,Yes,ToolFishingrodColorful_Remake_0_0,0_0,8471,dBNahAnSJkF5q7Wta
fish fishing rod,,Yellow,Color,No,Yes,1,30,1,2500,625,0,None,None,1x1,None,NA,NA,Nook's Cranny,Available in Nook's Cranny (upgraded only),NA,NA,1.0.0,Yes,ToolFishingrodColorful_Remake_1_0,1_0,8471,ziRQL2REqF652sgkc
fish fishing rod,,Orange,Color,No,Yes,1,30,1,2500,625,0,None,None,1x1,None,NA,NA,Nook's Cranny,Available in Nook's Cranny (upgraded only),NA,NA,1.0.0,Yes,ToolFishingrodColorful_Remake_2_0,2_0,8471,7id3sXPC6a2qTsM9S
fish fishing rod,,Light blue,Color,No,Yes,1,30,1,2500,625,0,None,None,1x1,None,NA,NA,Nook's Cranny,Available in Nook's Cranny (upgraded only),NA,NA,1.0.0,Yes,ToolFishingrodColorful_Remake_3_0,3_0,8471,txjiE4Yoi66P59Rpi
fish fishing rod,,Blue,Color,No,Yes,1,30,1,2500,625,0,None,None,1x1,None,NA,NA,Nook's Cranny,Available in Nook's Cranny (upgraded only),NA,NA,1.0.0,Yes,ToolFishingrodColorful_Remake_4_0,4_0,8471,mQQKH3hfMyn2P4SAT
fish fishing rod,,Purple,Color,No,Yes,1,30,1,2500,625,0,None,None,1x1,None,NA,NA,Nook's Cranny,Available in Nook's Cranny (upgraded only),NA,NA,1.0.0,Yes,ToolFishingrodColorful_Remake_5_0,5_0,8471,oPumzrhQMfYrdrhfC
fish fishing rod,,Pink,Color,No,Yes,1,30,1,2500,625,0,None,None,1x1,None,NA,NA,Nook's Cranny,Available in Nook's Cranny (upgraded only),NA,NA,1.0.0,Yes,ToolFishingrodColorful_Remake_6_0,6_0,8471,A44B9ELrDxsrY6HaR
fish fishing rod,,Red,Color,No,Yes,1,30,1,2500,625,0,None,None,1x1,None,NA,NA,Nook's Cranny,Available in Nook's Cranny (upgraded only),NA,NA,1.0.0,Yes,ToolFishingrodColorful_Remake_7_0,7_0,8471,k6AepGHtwTJhBzxXZ
fish wand,,NA,NA,No,No,NA,Unlimited,1,NFS,1500,501,None,None,1x1,None,NA,NA,C.J.,,Fishing Tourney,Yes,1.0.0,Yes,ToolStickFish,NA,8770,HrGFzby54HCv326PJ
fishing rod,,Blue,Color,Yes,Yes,1,30,1,NFS,600,0,None,None,1x1,None,NA,NA,Crafting,,NA,NA,1.0.0,Yes,ToolAngling_Remake_0_0,0_0,2377,Y62px4Jy5vaMtN46u
fishing rod,,Yellow,Color,Yes,Yes,1,30,1,NFS,600,0,None,None,1x1,None,NA,NA,Crafting,,NA,NA,1.0.0,Yes,ToolAngling_Remake_1_0,1_0,2377,JLMypnErvJc6n9wS8
fishing rod,,Green,Color,Yes,Yes,1,30,1,NFS,600,0,None,None,1x1,None,NA,NA,Crafting,,NA,NA,1.0.0,Yes,ToolAngling_Remake_2_0,2_0,2377,WTqWoAYMKuJsXjWWv
fishing rod,,Red,Color,Yes,Yes,1,30,1,NFS,600,0,None,None,1x1,None,NA,NA,Crafting,,NA,NA,1.0.0,Yes,ToolAngling_Remake_3_0,3_0,2377,SWX3JZeySqWz8PKQi
fishing rod,,Purple,Color,Yes,Yes,1,30,1,NFS,600,0,None,None,1x1,None,NA,NA,Crafting,,NA,NA,1.0.0,Yes,ToolAngling_Remake_4_0,4_0,2377,PBLScat4po99B5h4k
fishing rod,,Pink,Color,Yes,Yes,1,30,1,NFS,600,0,None,None,1x1,None,NA,NA,Crafting,,NA,NA,1.0.0,Yes,ToolAngling_Remake_5_0,5_0,2377,9bT9ZRhRG3e3WA8Bn
fishing rod,,White,Color,Yes,Yes,1,30,1,NFS,600,0,None,None,1x1,None,NA,NA,Crafting,,NA,NA,1.0.0,Yes,ToolAngling_Remake_6_0,6_0,2377,G58mfRs22f48nF9QA
fishing rod,,Black,Color,Yes,Yes,1,30,1,NFS,600,0,None,None,1x1,None,NA,NA,Crafting,,NA,NA,1.0.0,Yes,ToolAngling_Remake_7_0,7_0,2377,bgrXEg4NvgPjudWar
flimsy axe,,NA,NA,Yes,No,NA,40,1,800,200,0,None,None,1x1,None,100,Nook Miles,Nook's Cranny; Crafting; Wilbur,Available after unlocking the axe in the story,NA,NA,1.0.0,Yes,ToolAxeStone,NA,3068,L79jandXPjEAoQScd
flimsy fishing rod,,NA,NA,Yes,No,NA,9.5,1,400,100,0,None,None,1x1,None,100,Nook Miles,Nook's Cranny; Crafting; Wilbur,"Available in all tiers of shops, including Timmy & Tommy before the shop is opened",NA,NA,1.0.0,Yes,ToolFishingrodWood,NA,3084,qtA9zfSRuaCkmmQXr
flimsy net,,NA,NA,Yes,No,NA,10,1,400,100,0,None,None,1x1,None,100,Nook Miles,Nook's Cranny; Crafting; Wilbur,"Available in all tiers of shops, including Timmy & Tommy before the shop is opened",NA,NA,1.0.0,Yes,ToolNet,NA,2376,PHe3aaN2nsXFcQXxN
flimsy shovel,,NA,NA,Yes,No,NA,40,1,800,200,0,None,None,1x1,None,100,Nook Miles,Nook's Cranny; Crafting; Wilbur,Available after unlocking the shovel in the story,NA,NA,1.0.0,Yes,ToolShovelWood,NA,3082,PnLgMCQ34R3HxWqcT
flimsy watering can,,NA,NA,Yes,No,NA,20,1,800,200,0,None,None,1x1,None,NA,NA,Nook's Cranny; Crafting,"Available in all tiers of shops, including Timmy & Tommy before the shop is opened",NA,NA,1.0.0,Yes,ToolWateringWood,NA,3083,BdRyC6atcvz3KJnnM
football cheer megaphone,,NA,NA,No,No,NA,NA,1,1500,375,201,Orange,White,1x1,None,NA,NA,Nook Shopping Seasonal,,Big Game Celebration (1),Yes,1.7.0,Yes,ToolMegaphone0,NA,13913,jbrtgKzaXEnFXJSng
glittery cheer megaphone,,NA,NA,No,No,NA,NA,1,1500,375,201,Blue,Aqua,1x1,None,NA,NA,Nook Shopping Seasonal,,Big Game Celebration (1),Yes,1.7.0,Yes,ToolMegaphone3,NA,14015,gcTsMrJgt8QHcXidt
golden axe,,NA,NA,Yes,No,NA,200,1,NFS,10655,0,None,None,1x1,None,NA,NA,Crafting,,NA,NA,1.0.0,Yes,ToolAxeGold,NA,9617,eX9RXzQHaaZX89zoN
golden net,,NA,NA,Yes,No,NA,90,1,NFS,10400,0,None,None,1x1,None,NA,NA,Crafting,,NA,NA,1.0.0,Yes,ToolNetGold,NA,8179,aKMTWuywGTuorriEg
golden rod,,NA,NA,Yes,No,NA,90,1,NFS,10400,0,None,None,1x1,None,NA,NA,Crafting,,NA,NA,1.0.0,Yes,ToolFishingrodGold,NA,8660,Tt5YeqejtuW3T7Cbq
golden shovel,,NA,NA,Yes,No,NA,200,1,NFS,10675,0,None,None,1x1,None,NA,NA,Crafting,,NA,NA,1.0.0,Yes,ToolScoopGold,NA,8574,EMzMphvPgdhguM4Ku
golden slingshot,,NA,NA,Yes,No,NA,60,1,NFS,10300,0,None,None,1x1,None,NA,NA,Crafting,,NA,NA,1.0.0,Yes,ToolSlingshotGold,NA,8578,tx3MMcGrZPHeyoLeY
golden wand,,NA,NA,Yes,No,NA,Unlimited,1,NFS,20750,0,None,None,1x1,None,NA,NA,Crafting,,NA,NA,1.0.0,Yes,ToolStickGolden,NA,7591,fdDGHvQBc5AhtExnt
golden watering can,,NA,NA,Yes,No,NA,180,1,NFS,10675,0,None,None,1x1,None,NA,NA,Crafting,,NA,NA,1.0.0,Yes,ToolWateringGold,NA,8533,bzEwTDjTeK4gKSsZa
green balloon,,NA,NA,No,No,NA,Unlimited,1,600,150,0,None,None,1x1,None,NA,NA,Redd's Raffle; Nook's Cranny,Available from Redd's Raffle during Fireworks Shows; Available from Nook's Cranny rotating cabinet stock outside of August,Fireworks Show,No,1.4.0,Yes,ToolBalloonNormal3,NA,13125,6xF5xbt7WxTdqMYaH
hyacinth wand,,NA,NA,Yes,No,NA,Unlimited,1,NFS,1660,0,None,None,1x1,None,NA,NA,Crafting,,NA,NA,1.0.0,Yes,ToolStickHyacinth,NA,5083,aBPEFn5NehSoQ428E
ice wand,,NA,NA,Yes,No,NA,Unlimited,1,NFS,6500,0,None,None,1x1,None,NA,NA,Crafting,,snowflakes,Yes,1.0.0,Yes,ToolStickSnow,NA,7585,pQCDsY6gvHXL2SAff
iron wand,,NA,NA,Yes,No,NA,Unlimited,1,NFS,3750,0,None,None,1x1,None,NA,NA,Crafting,,NA,NA,1.0.0,Yes,ToolStickIron,NA,7592,5JC2q7xYFFCBhX2mS
Kiki & Lala wand,,NA,NA,No,No,NA,Unlimited,1,12240,3060,201,Yellow,White,1x1,None,NA,NA,Nook Shopping Promotion,Scan the associated Sanrio amiibo card,NA,NA,1.9.0,Yes,ToolStickKikilala0,NA,13173,xjBnFqY5WRJ7isLET
ladder,,NA,NA,Yes,No,NA,Unlimited,1,NFS,1440,0,None,None,1x1,None,NA,NA,Crafting,,NA,NA,1.0.0,Yes,ToolLadder,NA,2615,TxFCim9KyNE7edcXH
light stick,,NA,NA,No,No,NA,Unlimited,1,NFS,375,0,None,None,1x1,None,NA,NA,Isabelle,Obtained by speaking to Isabelle on New Year's Eve,Countdown,Yes,1.0.0,Yes,ToolSticklight,NA,5741,9HpdmfZcEfuXtR8ey
lily wand,,NA,NA,Yes,No,NA,Unlimited,1,NFS,1580,0,None,None,1x1,None,NA,NA,Crafting,,NA,NA,1.0.0,Yes,ToolStickYuri,NA,5094,rX7Dget4dZzprkSY4
magic bag,,NA,NA,No,No,NA,Unlimited,1,888,222,0,None,None,1x1,None,NA,NA,Jingle,,Toy Day,Yes,1.6.0,Yes,ToolBigbagPresent,NA,13836,DANhu4XN2fNyNnCTz
maracas,,NA,NA,No,No,NA,NA,1,2000,500,51,Orange,Yellow,1x1,None,NA,NA,Nintendo; Nook Shopping Daily Selection,Mailed to players after the 1.7.0 update in a letter from Nintendo,NA,No,1.7.0,Yes,ToolMaracasCarnival,NA,13958,Gm8hxoCwEuTRvPZTq
mums wand,,NA,NA,Yes,No,NA,Unlimited,1,NFS,1580,0,None,None,1x1,None,NA,NA,Crafting,,NA,NA,1.0.0,Yes,ToolStickChrysanthemum,NA,5095,9sd3YGxf9jmuGBrGw
mushroom wand,,Ordinary mushroom,Mushroom type,Yes,Yes,1,Unlimited,1,NFS,3300,0,None,None,1x1,None,NA,NA,Crafting,,mushrooms,Yes,1.0.0,Yes,ToolStickMushroom_Remake_0_0,0_0,7588,6PLR84qz4JifgtLmh
mushroom wand,,White mushroom,Mushroom type,Yes,Yes,1,Unlimited,1,NFS,3300,0,None,None,1x1,None,NA,NA,Crafting,,mushrooms,Yes,1.0.0,Yes,ToolStickMushroom_Remake_1_0,1_0,7588,T898uqxxT6AXuXyBt
mushroom wand,,Strange mushroom,Mushroom type,Yes,Yes,1,Unlimited,1,NFS,3300,0,None,None,1x1,None,NA,NA,Crafting,,mushrooms,Yes,1.0.0,Yes,ToolStickMushroom_Remake_2_0,2_0,7588,rcjxuvmyCPyTjbbwm
mushroom wand,,Red mushroom,Mushroom type,Yes,Yes,1,Unlimited,1,NFS,3300,0,None,None,1x1,None,NA,NA,Crafting,,mushrooms,Yes,1.0.0,Yes,ToolStickMushroom_Remake_3_0,3_0,7588,nN6uiNEshKx8sYwKE
mushroom wand,,Yellow mushroom,Mushroom type,Yes,Yes,1,Unlimited,1,NFS,3300,0,None,None,1x1,None,NA,NA,Crafting,,mushrooms,Yes,1.0.0,Yes,ToolStickMushroom_Remake_4_0,4_0,7588,Dtm7dJLAERgpCpGXv
net,,Red,Color,Yes,Yes,1,30,1,900,225,0,None,None,1x1,None,NA,NA,Nook's Cranny; Crafting,"Available in all tiers of shops, including Timmy & Tommy before the shop is opened",NA,NA,1.0.0,Yes,ToolNetNormal_Remake_0_0,0_0,5784,HH8tKPMbt8DQpSrMS
net,,Yellow,Color,Yes,Yes,1,30,1,900,225,0,None,None,1x1,None,NA,NA,Nook's Cranny; Crafting,"Available in all tiers of shops, including Timmy & Tommy before the shop is opened",NA,NA,1.0.0,Yes,ToolNetNormal_Remake_1_0,1_0,5784,YiRCkQXgKaLKf8D6p
net,,Green,Color,Yes,Yes,1,30,1,900,225,0,None,None,1x1,None,NA,NA,Nook's Cranny; Crafting,"Available in all tiers of shops, including Timmy & Tommy before the shop is opened",NA,NA,1.0.0,Yes,ToolNetNormal_Remake_2_0,2_0,5784,X3x4tGwZiYnM5SRZv
net,,Blue,Color,Yes,Yes,1,30,1,900,225,0,None,None,1x1,None,NA,NA,Nook's Cranny; Crafting,"Available in all tiers of shops, including Timmy & Tommy before the shop is opened",NA,NA,1.0.0,Yes,ToolNetNormal_Remake_3_0,3_0,5784,WtArd6h6MFQ8sjwEt
net,,Purple,Color,Yes,Yes,1,30,1,900,225,0,None,None,1x1,None,NA,NA,Nook's Cranny; Crafting,"Available in all tiers of shops, including Timmy & Tommy before the shop is opened",NA,NA,1.0.0,Yes,ToolNetNormal_Remake_4_0,4_0,5784,b8L8wbutCQEQjAzwD
net,,Pink,Color,Yes,Yes,1,30,1,900,225,0,None,None,1x1,None,NA,NA,Nook's Cranny; Crafting,"Available in all tiers of shops, including Timmy & Tommy before the shop is opened",NA,NA,1.0.0,Yes,ToolNetNormal_Remake_5_0,5_0,5784,8Khqvy2vpnJkpKLET
net,,White,Color,Yes,Yes,1,30,1,900,225,0,None,None,1x1,None,NA,NA,Nook's Cranny; Crafting,"Available in all tiers of shops, including Timmy & Tommy before the shop is opened",NA,NA,1.0.0,Yes,ToolNetNormal_Remake_6_0,6_0,5784,yNCid2KGDGFSz2W7L
net,,Black,Color,Yes,Yes,1,30,1,900,225,0,None,None,1x1,None,NA,NA,Nook's Cranny; Crafting,"Available in all tiers of shops, including Timmy & Tommy before the shop is opened",NA,NA,1.0.0,Yes,ToolNetNormal_Remake_7_0,7_0,5784,pFaH2eF4JpK3roNtQ
Nook Inc. handheld pennant,,NA,NA,No,No,NA,Unlimited,1,NFS,2500,151,None,None,1x1,None,500,Nook Miles,Nook Miles Redemption,,NA,NA,1.4.0,Yes,ToolPennantRcm,NA,13128,C5sMrB792zhZekeqW
Nook Inc. uchiwa fan,,NA,NA,No,No,NA,Unlimited,1,NFS,2000,151,Green,White,1x1,None,400,Nook Miles,Nook Miles Redemption,,NA,NA,1.0.0,Yes,ToolFanNook0,NA,9762,Qwfx3obKdwCDKr4WG
ocarina,,NA,NA,Yes,No,NA,Unlimited,1,NFS,1000,0,None,None,1x1,None,NA,NA,Crafting,,NA,NA,1.0.0,Yes,ToolOcarina,NA,5320,xN5tB3m4aXnm94RLL
outdoorsy fishing rod,,Avocado,Color,No,Yes,1,30,1,2500,625,0,None,None,1x1,Outdoor Tools,NA,NA,Nook's Cranny,Available in Nook's Cranny (upgraded only),NA,NA,1.0.0,Yes,ToolFishingrodOutdoor_Remake_0_0,0_0,8473,bvYTHd7dbDC9ZijAd
outdoorsy fishing rod,,Orange,Color,No,Yes,1,30,1,2500,625,0,None,None,1x1,Outdoor Tools,NA,NA,Nook's Cranny,Available in Nook's Cranny (upgraded only),NA,NA,1.0.0,Yes,ToolFishingrodOutdoor_Remake_1_0,1_0,8473,bMdHGfZQu6846Somm
outdoorsy fishing rod,,Light blue,Color,No,Yes,1,30,1,2500,625,0,None,None,1x1,Outdoor Tools,NA,NA,Nook's Cranny,Available in Nook's Cranny (upgraded only),NA,NA,1.0.0,Yes,ToolFishingrodOutdoor_Remake_2_0,2_0,8473,3Ne39o36LkhGc9rGk
outdoorsy fishing rod,,Red,Color,No,Yes,1,30,1,2500,625,0,None,None,1x1,Outdoor Tools,NA,NA,Nook's Cranny,Available in Nook's Cranny (upgraded only),NA,NA,1.0.0,Yes,ToolFishingrodOutdoor_Remake_3_0,3_0,8473,BJAg7c5HmD6LncCCj
outdoorsy fishing rod,,Beige,Color,No,Yes,1,30,1,2500,625,0,None,None,1x1,Outdoor Tools,NA,NA,Nook's Cranny,Available in Nook's Cranny (upgraded only),NA,NA,1.0.0,Yes,ToolFishingrodOutdoor_Remake_4_0,4_0,8473,DZwxGwf6DY8ucEKwP
outdoorsy fishing rod,,Pink,Color,No,Yes,1,30,1,2500,625,0,None,None,1x1,Outdoor Tools,NA,NA,Nook's Cranny,Available in Nook's Cranny (upgraded only),NA,NA,1.0.0,Yes,ToolFishingrodOutdoor_Remake_5_0,5_0,8473,sGPYWwozfBgoi62fk
outdoorsy fishing rod,,Yellow,Color,No,Yes,1,30,1,2500,625,0,None,None,1x1,Outdoor Tools,NA,NA,Nook's Cranny,Available in Nook's Cranny (upgraded only),NA,NA,1.0.0,Yes,ToolFishingrodOutdoor_Remake_6_0,6_0,8473,3M7FJL2qfL5iAZvxn
outdoorsy fishing rod,,Black,Color,No,Yes,1,30,1,2500,625,0,None,None,1x1,Outdoor Tools,NA,NA,Nook's Cranny,Available in Nook's Cranny (upgraded only),NA,NA,1.0.0,Yes,ToolFishingrodOutdoor_Remake_7_0,7_0,8473,JdGkE9Mf9mXN3jXj5
outdoorsy net,,Avocado,Color,No,Yes,1,30,1,2500,625,0,None,None,1x1,Outdoor Tools,NA,NA,Nook's Cranny,Available in Nook's Cranny (upgraded only),NA,NA,1.0.0,Yes,ToolNetOutdoor_Remake_0_0,0_0,8178,v8G8jriZ3R47Y5CTA
outdoorsy net,,Orange,Color,No,Yes,1,30,1,2500,625,0,None,None,1x1,Outdoor Tools,NA,NA,Nook's Cranny,Available in Nook's Cranny (upgraded only),NA,NA,1.0.0,Yes,ToolNetOutdoor_Remake_1_0,1_0,8178,SeeobMqj2fMCHFRR5
outdoorsy net,,Light blue,Color,No,Yes,1,30,1,2500,625,0,None,None,1x1,Outdoor Tools,NA,NA,Nook's Cranny,Available in Nook's Cranny (upgraded only),NA,NA,1.0.0,Yes,ToolNetOutdoor_Remake_2_0,2_0,8178,dDuDFS3Q87rSEvYGA
outdoorsy net,,Red,Color,No,Yes,1,30,1,2500,625,0,None,None,1x1,Outdoor Tools,NA,NA,Nook's Cranny,Available in Nook's Cranny (upgraded only),NA,NA,1.0.0,Yes,ToolNetOutdoor_Remake_3_0,3_0,8178,bhFAvdtCDNFuaL7tp
outdoorsy net,,Beige,Color,No,Yes,1,30,1,2500,625,0,None,None,1x1,Outdoor Tools,NA,NA,Nook's Cranny,Available in Nook's Cranny (upgraded only),NA,NA,1.0.0,Yes,ToolNetOutdoor_Remake_4_0,4_0,8178,cdXFG76YRzMhcBKvE
outdoorsy net,,Pink,Color,No,Yes,1,30,1,2500,625,0,None,None,1x1,Outdoor Tools,NA,NA,Nook's Cranny,Available in Nook's Cranny (upgraded only),NA,NA,1.0.0,Yes,ToolNetOutdoor_Remake_5_0,5_0,8178,mRjtY48TEQkJaiYqv
outdoorsy net,,Yellow,Color,No,Yes,1,30,1,2500,625,0,None,None,1x1,Outdoor Tools,NA,NA,Nook's Cranny,Available in Nook's Cranny (upgraded only),NA,NA,1.0.0,Yes,ToolNetOutdoor_Remake_6_0,6_0,8178,qJWCYusFziCAZowwo
outdoorsy net,,Black,Color,No,Yes,1,30,1,2500,625,0,None,None,1x1,Outdoor Tools,NA,NA,Nook's Cranny,Available in Nook's Cranny (upgraded only),NA,NA,1.0.0,Yes,ToolNetOutdoor_Remake_7_0,7_0,8178,v4vzaPQkSf4PHpjnC
outdoorsy shovel,,Avocado,Color,No,Yes,1,100,1,2500,625,0,None,None,1x1,Outdoor Tools,NA,NA,Nook's Cranny,Available in Nook's Cranny (upgraded only),NA,NA,1.0.0,Yes,ToolScoopOutdoor_Remake_0_0,0_0,8575,Je4oQvJHrridANtwW
outdoorsy shovel,,Orange,Color,No,Yes,1,100,1,2500,625,0,None,None,1x1,Outdoor Tools,NA,NA,Nook's Cranny,Available in Nook's Cranny (upgraded only),NA,NA,1.0.0,Yes,ToolScoopOutdoor_Remake_1_0,1_0,8575,Qkuxh7aBzEEcgXX3g
outdoorsy shovel,,Light blue,Color,No,Yes,1,100,1,2500,625,0,None,None,1x1,Outdoor Tools,NA,NA,Nook's Cranny,Available in Nook's Cranny (upgraded only),NA,NA,1.0.0,Yes,ToolScoopOutdoor_Remake_2_0,2_0,8575,PhHgvEkW3oiFvhWuk
outdoorsy shovel,,Red,Color,No,Yes,1,100,1,2500,625,0,None,None,1x1,Outdoor Tools,NA,NA,Nook's Cranny,Available in Nook's Cranny (upgraded only),NA,NA,1.0.0,Yes,ToolScoopOutdoor_Remake_3_0,3_0,8575,6cvhBz44Z4BAxt8AX
outdoorsy shovel,,Beige,Color,No,Yes,1,100,1,2500,625,0,None,None,1x1,Outdoor Tools,NA,NA,Nook's Cranny,Available in Nook's Cranny (upgraded only),NA,NA,1.0.0,Yes,ToolScoopOutdoor_Remake_4_0,4_0,8575,R2WDYoFbBG2hWfFtf
outdoorsy shovel,,Pink,Color,No,Yes,1,100,1,2500,625,0,None,None,1x1,Outdoor Tools,NA,NA,Nook's Cranny,Available in Nook's Cranny (upgraded only),NA,NA,1.0.0,Yes,ToolScoopOutdoor_Remake_5_0,5_0,8575,RKjgnpJYtFKZgKDRk
outdoorsy shovel,,Yellow,Color,No,Yes,1,100,1,2500,625,0,None,None,1x1,Outdoor Tools,NA,NA,Nook's Cranny,Available in Nook's Cranny (upgraded only),NA,NA,1.0.0,Yes,ToolScoopOutdoor_Remake_6_0,6_0,8575,ccQGhqapinP7FiXPJ
outdoorsy shovel,,Black,Color,No,Yes,1,100,1,2500,625,0,None,None,1x1,Outdoor Tools,NA,NA,Nook's Cranny,Available in Nook's Cranny (upgraded only),NA,NA,1.0.0,Yes,ToolScoopOutdoor_Remake_7_0,7_0,8575,e8xYribiE3L9zbeNz
outdoorsy slingshot,,Avocado,Color,No,Yes,1,20,1,2500,625,0,None,None,1x1,Outdoor Tools,NA,NA,Nook's Cranny,Available in Nook's Cranny (upgraded only),NA,NA,1.0.0,Yes,ToolSlingshotOutdoor_Remake_0_0,0_0,8579,qJkGDgJtD9cQye8oD
outdoorsy slingshot,,Orange,Color,No,Yes,1,20,1,2500,625,0,None,None,1x1,Outdoor Tools,NA,NA,Nook's Cranny,Available in Nook's Cranny (upgraded only),NA,NA,1.0.0,Yes,ToolSlingshotOutdoor_Remake_1_0,1_0,8579,AGkd53Dzoh7p5R5ef
outdoorsy slingshot,,Light blue,Color,No,Yes,1,20,1,2500,625,0,None,None,1x1,Outdoor Tools,NA,NA,Nook's Cranny,Available in Nook's Cranny (upgraded only),NA,NA,1.0.0,Yes,ToolSlingshotOutdoor_Remake_2_0,2_0,8579,coBFkGLRCML7SdfZb
outdoorsy slingshot,,Red,Color,No,Yes,1,20,1,2500,625,0,None,None,1x1,Outdoor Tools,NA,NA,Nook's Cranny,Available in Nook's Cranny (upgraded only),NA,NA,1.0.0,Yes,ToolSlingshotOutdoor_Remake_3_0,3_0,8579,ekLvFR39DuH4SdSgB
outdoorsy slingshot,,Beige,Color,No,Yes,1,20,1,2500,625,0,None,None,1x1,Outdoor Tools,NA,NA,Nook's Cranny,Available in Nook's Cranny (upgraded only),NA,NA,1.0.0,Yes,ToolSlingshotOutdoor_Remake_4_0,4_0,8579,mLqZThcPR7oSdGETt
outdoorsy slingshot,,Pink,Color,No,Yes,1,20,1,2500,625,0,None,None,1x1,Outdoor Tools,NA,NA,Nook's Cranny,Available in Nook's Cranny (upgraded only),NA,NA,1.0.0,Yes,ToolSlingshotOutdoor_Remake_5_0,5_0,8579,4QBCHA5pzb8Hapo7g
outdoorsy slingshot,,Yellow,Color,No,Yes,1,20,1,2500,625,0,None,None,1x1,Outdoor Tools,NA,NA,Nook's Cranny,Available in Nook's Cranny (upgraded only),NA,NA,1.0.0,Yes,ToolSlingshotOutdoor_Remake_6_0,6_0,8579,FDEpHpn9wAoHmzq6S
outdoorsy slingshot,,Black,Color,No,Yes,1,20,1,2500,625,0,None,None,1x1,Outdoor Tools,NA,NA,Nook's Cranny,Available in Nook's Cranny (upgraded only),NA,NA,1.0.0,Yes,ToolSlingshotOutdoor_Remake_7_0,7_0,8579,d2BxLmN5fFdSTsXvP
outdoorsy watering can,,Avocado,Color,No,Yes,1,60,1,2500,625,0,None,None,1x1,Outdoor Tools,NA,NA,Nook's Cranny,Available in Nook's Cranny (upgraded only),NA,NA,1.0.0,Yes,ToolWateringOutdoor_Remake_0_0,0_0,8536,QSmseNnk3WqSmSFH8
outdoorsy watering can,,Orange,Color,No,Yes,1,60,1,2500,625,0,None,None,1x1,Outdoor Tools,NA,NA,Nook's Cranny,Available in Nook's Cranny (upgraded only),NA,NA,1.0.0,Yes,ToolWateringOutdoor_Remake_1_0,1_0,8536,SrmzprzDgkRoPoGcN
outdoorsy watering can,,Light blue,Color,No,Yes,1,60,1,2500,625,0,None,None,1x1,Outdoor Tools,NA,NA,Nook's Cranny,Available in Nook's Cranny (upgraded only),NA,NA,1.0.0,Yes,ToolWateringOutdoor_Remake_2_0,2_0,8536,PRfaCyGvx3hieqpKh
outdoorsy watering can,,Red,Color,No,Yes,1,60,1,2500,625,0,None,None,1x1,Outdoor Tools,NA,NA,Nook's Cranny,Available in Nook's Cranny (upgraded only),NA,NA,1.0.0,Yes,ToolWateringOutdoor_Remake_3_0,3_0,8536,AvLJNwY9w5fSpT47f
outdoorsy watering can,,Beige,Color,No,Yes,1,60,1,2500,625,0,None,None,1x1,Outdoor Tools,NA,NA,Nook's Cranny,Available in Nook's Cranny (upgraded only),NA,NA,1.0.0,Yes,ToolWateringOutdoor_Remake_4_0,4_0,8536,o2Zd58pLWuNfHSRoz
outdoorsy watering can,,Pink,Color,No,Yes,1,60,1,2500,625,0,None,None,1x1,Outdoor Tools,NA,NA,Nook's Cranny,Available in Nook's Cranny (upgraded only),NA,NA,1.0.0,Yes,ToolWateringOutdoor_Remake_5_0,5_0,8536,6GRguzWiwsicHTun6
outdoorsy watering can,,Yellow,Color,No,Yes,1,60,1,2500,625,0,None,None,1x1,Outdoor Tools,NA,NA,Nook's Cranny,Available in Nook's Cranny (upgraded only),NA,NA,1.0.0,Yes,ToolWateringOutdoor_Remake_6_0,6_0,8536,iyppHKcwic4M3Mb9N
outdoorsy watering can,,Black,Color,No,Yes,1,60,1,2500,625,0,None,None,1x1,Outdoor Tools,NA,NA,Nook's Cranny,Available in Nook's Cranny (upgraded only),NA,NA,1.0.0,Yes,ToolWateringOutdoor_Remake_7_0,7_0,8536,vWuJ6J7YaPtB7vE88
pan flute,,NA,NA,Yes,No,NA,Unlimited,1,NFS,2800,201,None,None,1x1,None,NA,NA,Crafting,,young spring bamboo,Yes,1.0.0,Yes,ToolPanpipe,NA,5517,7LjdexM2bmrbxDaCG
pansy wand,,NA,NA,Yes,No,NA,Unlimited,1,NFS,1580,0,None,None,1x1,None,NA,NA,Crafting,,NA,NA,1.0.0,Yes,ToolStickPansy,NA,5091,kPAMdHZaM8oHFjjyg
party popper,,NA,NA,No,No,NA,1,10,100,25,0,None,None,1x1,None,NA,NA,Nook's Cranny; Tom Nook,"Available from Nook's Cranny; 
Available from Tom Nook during Countdown",Countdown,NA,1.0.0,Yes,ToolCracker,NA,2753,Wo8iqf7JZZ7egzmLf
pink balloon,,NA,NA,No,No,NA,Unlimited,1,600,150,0,None,None,1x1,None,NA,NA,Redd's Raffle; Nook's Cranny,Available from Redd's Raffle during Fireworks Shows; Available from Nook's Cranny rotating cabinet stock outside of August,Fireworks Show,No,1.4.0,Yes,ToolBalloonNormal4,NA,13126,jJkSMbhxX3ekBkWZK
pinwheel,,NA,NA,No,No,NA,Unlimited,1,800,200,0,None,None,1x1,None,NA,NA,Redd's Raffle; Nook's Cranny,Available from Redd's Raffle during Fireworks Shows; Available from Nook's Cranny rotating cabinet stock outside of August,Fireworks Show,No,1.4.0,Yes,ToolWindmill,NA,5744,ixfo3W4miuTh5zvSP
printed-design shovel,,Light blue,Color,No,Yes,1,100,1,2500,625,0,None,None,1x1,None,NA,NA,Nook's Cranny,Available in Nook's Cranny (upgraded only),NA,NA,1.0.0,Yes,ToolScoopPattern_Remake_0_0,0_0,8576,nQuRoWnfXx8BPFTmA
printed-design shovel,,White,Color,No,Yes,1,100,1,2500,625,0,None,None,1x1,None,NA,NA,Nook's Cranny,Available in Nook's Cranny (upgraded only),NA,NA,1.0.0,Yes,ToolScoopPattern_Remake_1_0,1_0,8576,uayKLmvAsj6EHGnJW
printed-design shovel,,Yellow,Color,No,Yes,1,100,1,2500,625,0,None,None,1x1,None,NA,NA,Nook's Cranny,Available in Nook's Cranny (upgraded only),NA,NA,1.0.0,Yes,ToolScoopPattern_Remake_2_0,2_0,8576,Aa39b233u5kL2BZ5M
printed-design shovel,,Pink,Color,No,Yes,1,100,1,2500,625,0,None,None,1x1,None,NA,NA,Nook's Cranny,Available in Nook's Cranny (upgraded only),NA,NA,1.0.0,Yes,ToolScoopPattern_Remake_3_0,3_0,8576,jBDbWkxf2bC4Q7FXw
printed-design shovel,,Green,Color,No,Yes,1,100,1,2500,625,0,None,None,1x1,None,NA,NA,Nook's Cranny,Available in Nook's Cranny (upgraded only),NA,NA,1.0.0,Yes,ToolScoopPattern_Remake_4_0,4_0,8576,8p4An2z69STF7vEXo
printed-design shovel,,Blue,Color,No,Yes,1,100,1,2500,625,0,None,None,1x1,None,NA,NA,Nook's Cranny,Available in Nook's Cranny (upgraded only),NA,NA,1.0.0,Yes,ToolScoopPattern_Remake_5_0,5_0,8576,6T8xrvDKPvnmAgoAm
printed-design shovel,,Purple,Color,No,Yes,1,100,1,2500,625,0,None,None,1x1,None,NA,NA,Nook's Cranny,Available in Nook's Cranny (upgraded only),NA,NA,1.0.0,Yes,ToolScoopPattern_Remake_6_0,6_0,8576,uYrRaXdBb23RrpGNc
printed-design shovel,,Black,Color,No,Yes,1,100,1,2500,625,0,None,None,1x1,None,NA,NA,Nook's Cranny,Available in Nook's Cranny (upgraded only),NA,NA,1.0.0,Yes,ToolScoopPattern_Remake_7_0,7_0,8576,mwWibomJ7C9h9diZ3
red balloon,,NA,NA,No,No,NA,Unlimited,1,600,150,0,None,None,1x1,None,NA,NA,Redd's Raffle; Nook's Cranny,Available from Redd's Raffle during Fireworks Shows; Available from Nook's Cranny rotating cabinet stock outside of August,Fireworks Show,No,1.4.0,Yes,ToolBalloonNormal1,NA,13123,93qC6sGCBMeknRuJ7
red sparkler,,NA,NA,No,No,NA,1,10,600,150,0,None,None,1x1,None,NA,NA,Redd's Raffle; Nook's Cranny,Available from Redd's Raffle during Fireworks Shows; Available from Nook's Cranny rotating cabinet stock outside of August,Fireworks Show,No,1.4.0,Yes,ToolFireworks,NA,5743,5YyG34qEdmAuABqHd
rose wand,,NA,NA,Yes,No,NA,Unlimited,1,NFS,1580,0,None,None,1x1,None,NA,NA,Crafting,,NA,NA,1.0.0,Yes,ToolStickRose,NA,5093,RB9jk9eLFLJdokFjG
shamrock soda,,NA,NA,No,No,NA,NA,1,1000,250,201,Green,White,1x1,None,NA,NA,Nook Shopping Seasonal,,Shamrock Day,Yes,1.8.0,Yes,ToolJuiceShamrock,NA,14028,G9SmTScRAn3pcT7dB
shamrock wand,,NA,NA,Yes,No,NA,NA,1,NFS,1560,201,Green,Black,1x1,None,NA,NA,Crafting,,Shamrock Day,Yes,1.8.0,Yes,ToolStickShamrock,NA,14239,Qvn93rzckYS8BqHZs
shell wand,,NA,NA,Yes,No,NA,Unlimited,1,NFS,5100,0,None,None,1x1,None,NA,NA,Crafting,,summer shells,Yes,1.0.0,Yes,ToolStickShell,NA,7586,EsdC3wFYpzqXB7RRi
shovel,,Red,Color,Yes,Yes,1,100,1,NFS,600,0,None,None,1x1,None,NA,NA,Crafting,,NA,NA,1.0.0,Yes,ToolScoop_Remake_0_0,0_0,2099,B6ejTnMqrR65wXv5z
shovel,,Yellow,Color,Yes,Yes,1,100,1,NFS,600,0,None,None,1x1,None,NA,NA,Crafting,,NA,NA,1.0.0,Yes,ToolScoop_Remake_1_0,1_0,2099,6sKHnKeEuPcLpjEF3
shovel,,Green,Color,Yes,Yes,1,100,1,NFS,600,0,None,None,1x1,None,NA,NA,Crafting,,NA,NA,1.0.0,Yes,ToolScoop_Remake_2_0,2_0,2099,SSzNaAfdGfnFoL8Qq
shovel,,Blue,Color,Yes,Yes,1,100,1,NFS,600,0,None,None,1x1,None,NA,NA,Crafting,,NA,NA,1.0.0,Yes,ToolScoop_Remake_3_0,3_0,2099,qiAf2KCaX5Xr57bXb
shovel,,Purple,Color,Yes,Yes,1,100,1,NFS,600,0,None,None,1x1,None,NA,NA,Crafting,,NA,NA,1.0.0,Yes,ToolScoop_Remake_4_0,4_0,2099,bbbeRassLbyY8HCP3
shovel,,Pink,Color,Yes,Yes,1,100,1,NFS,600,0,None,None,1x1,None,NA,NA,Crafting,,NA,NA,1.0.0,Yes,ToolScoop_Remake_5_0,5_0,2099,CZoPP24ecNvDxdNfY
shovel,,White,Color,Yes,Yes,1,100,1,NFS,600,0,None,None,1x1,None,NA,NA,Crafting,,NA,NA,1.0.0,Yes,ToolScoop_Remake_6_0,6_0,2099,JLemP4xchhzB2BmLk
shovel,,Black,Color,Yes,Yes,1,100,1,NFS,600,0,None,None,1x1,None,NA,NA,Crafting,,NA,NA,1.0.0,Yes,ToolScoop_Remake_7_0,7_0,2099,egJGqooiodvdWtv6Y
slingshot,,Red,Color,Yes,Yes,1,20,1,900,225,0,None,None,1x1,None,NA,NA,Nook's Cranny; Crafting,"Available in all tiers of shops, including Timmy & Tommy before the shop is opened",NA,NA,1.0.0,Yes,ToolSlingshot_Remake_0_0,0_0,2822,kgAEBkWjeZrdvZLwC
slingshot,,Yellow,Color,Yes,Yes,1,20,1,900,225,0,None,None,1x1,None,NA,NA,Nook's Cranny; Crafting,"Available in all tiers of shops, including Timmy & Tommy before the shop is opened",NA,NA,1.0.0,Yes,ToolSlingshot_Remake_1_0,1_0,2822,aoeJ6gnZq7Cz9MH58
slingshot,,Green,Color,Yes,Yes,1,20,1,900,225,0,None,None,1x1,None,NA,NA,Nook's Cranny; Crafting,"Available in all tiers of shops, including Timmy & Tommy before the shop is opened",NA,NA,1.0.0,Yes,ToolSlingshot_Remake_2_0,2_0,2822,prpgd3XrcJHJZybaD
slingshot,,Blue,Color,Yes,Yes,1,20,1,900,225,0,None,None,1x1,None,NA,NA,Nook's Cranny; Crafting,"Available in all tiers of shops, including Timmy & Tommy before the shop is opened",NA,NA,1.0.0,Yes,ToolSlingshot_Remake_3_0,3_0,2822,bHrn2thixWf3tPgQB
slingshot,,Purple,Color,Yes,Yes,1,20,1,900,225,0,None,None,1x1,None,NA,NA,Nook's Cranny; Crafting,"Available in all tiers of shops, including Timmy & Tommy before the shop is opened",NA,NA,1.0.0,Yes,ToolSlingshot_Remake_4_0,4_0,2822,o2z73jZqDyg3Bwjtq
slingshot,,Pink,Color,Yes,Yes,1,20,1,900,225,0,None,None,1x1,None,NA,NA,Nook's Cranny; Crafting,"Available in all tiers of shops, including Timmy & Tommy before the shop is opened",NA,NA,1.0.0,Yes,ToolSlingshot_Remake_5_0,5_0,2822,J47FSys2XtpZr8dT9
slingshot,,White,Color,Yes,Yes,1,20,1,900,225,0,None,None,1x1,None,NA,NA,Nook's Cranny; Crafting,"Available in all tiers of shops, including Timmy & Tommy before the shop is opened",NA,NA,1.0.0,Yes,ToolSlingshot_Remake_6_0,6_0,2822,qKjLAtchN5GvjyknF
slingshot,,Gray,Color,Yes,Yes,1,20,1,900,225,0,None,None,1x1,None,NA,NA,Nook's Cranny; Crafting,"Available in all tiers of shops, including Timmy & Tommy before the shop is opened",NA,NA,1.0.0,Yes,ToolSlingshot_Remake_7_0,7_0,2822,dq9S8zrmf4efRddki
sparkling cider,,NA,NA,No,No,NA,Unlimited,1,1000,250,201,None,None,1x1,None,NA,NA,Nook Shopping Seasonal,,New Year's Eve,Yes,1.6.0,Yes,ToolJuiceFuzzyapple,NA,13835,RwPmXZCELsvd44w2t
spooky wand,,NA,NA,Yes,No,NA,Unlimited,1,NFS,4300,0,None,None,1x1,None,NA,NA,Crafting,,Halloween,Yes,1.5.0,Yes,ToolStickHalloween,NA,13237,M8JtabnRsijZu4RqN
star net,,Yellow,Color,No,Yes,1,30,1,2500,625,0,None,None,1x1,None,NA,NA,Nook's Cranny,Available in Nook's Cranny (upgraded only),NA,NA,1.0.0,Yes,ToolNetStar_Remake_0_0,0_0,8176,wmcDHN8JZMbnvLiNs
star net,,Red,Color,No,Yes,1,30,1,2500,625,0,None,None,1x1,None,NA,NA,Nook's Cranny,Available in Nook's Cranny (upgraded only),NA,NA,1.0.0,Yes,ToolNetStar_Remake_1_0,1_0,8176,KxYpvPeESLFNeLjGm
star net,,Blue,Color,No,Yes,1,30,1,2500,625,0,None,None,1x1,None,NA,NA,Nook's Cranny,Available in Nook's Cranny (upgraded only),NA,NA,1.0.0,Yes,ToolNetStar_Remake_2_0,2_0,8176,7GJJruF4u4y62nvQy
star net,,Light green,Color,No,Yes,1,30,1,2500,625,0,None,None,1x1,None,NA,NA,Nook's Cranny,Available in Nook's Cranny (upgraded only),NA,NA,1.0.0,Yes,ToolNetStar_Remake_3_0,3_0,8176,y7BXcMSNByN5Q4Ycs
star net,,Pink,Color,No,Yes,1,30,1,2500,625,0,None,None,1x1,None,NA,NA,Nook's Cranny,Available in Nook's Cranny (upgraded only),NA,NA,1.0.0,Yes,ToolNetStar_Remake_4_0,4_0,8176,ajfxbnCnpzWsxsk9q
star net,,Purple,Color,No,Yes,1,30,1,2500,625,0,None,None,1x1,None,NA,NA,Nook's Cranny,Available in Nook's Cranny (upgraded only),NA,NA,1.0.0,Yes,ToolNetStar_Remake_5_0,5_0,8176,4mcfWQJQeebqu4az6
star net,,Light blue,Color,No,Yes,1,30,1,2500,625,0,None,None,1x1,None,NA,NA,Nook's Cranny,Available in Nook's Cranny (upgraded only),NA,NA,1.0.0,Yes,ToolNetStar_Remake_6_0,6_0,8176,ngWXLftz3J8uf7WZq
star net,,Green,Color,No,Yes,1,30,1,2500,625,0,None,None,1x1,None,NA,NA,Nook's Cranny,Available in Nook's Cranny (upgraded only),NA,NA,1.0.0,Yes,ToolNetStar_Remake_7_0,7_0,8176,YZeGaCuXAbFSpEg3h
star wand,,NA,NA,Yes,No,NA,Unlimited,1,NFS,6500,0,None,None,1x1,None,NA,NA,Crafting,,NA,NA,1.0.0,Yes,ToolChangeStick,NA,2544,mMwQ96ZbuiBMzgutd
starry cheer megaphone,,NA,NA,No,No,NA,NA,1,1500,375,201,Yellow,Colorful,1x1,None,NA,NA,Nook Shopping Seasonal,,Big Game Celebration (1),Yes,1.7.0,Yes,ToolMegaphone2,NA,14014,AuWqSWWeNacnwYhyk
stone axe,,NA,NA,Yes,No,NA,100,1,NFS,560,0,None,None,1x1,None,NA,NA,Crafting,,NA,NA,1.0.0,Yes,ToolAxeStoneNormal,NA,5856,NKHsBuYu25RHWjMBx
tambourine,,NA,NA,No,No,NA,Unlimited,1,1500,375,103,None,None,1x1,None,NA,NA,Nook's Cranny,Available in the re-buyable slot in Nook's Cranny,NA,NA,1.0.0,Yes,ToolTambourine,NA,5430,eYwGmK6fQwz2XJcht
timer,,NA,NA,No,No,NA,Unlimited,1,840,210,0,None,None,1x1,None,NA,NA,Nook's Cranny,,NA,NA,1.0.0,Yes,ToolTimer,NA,3331,vEEPnFx9FEcKKuzg2
tree-branch wand,,NA,NA,Yes,No,NA,Unlimited,1,NFS,1550,0,None,None,1x1,None,NA,NA,Crafting,,NA,NA,1.0.0,Yes,ToolStickTree,NA,7587,KnHhJXtuXEhqcPMTx
tulip wand,,NA,NA,Yes,No,NA,Unlimited,1,NFS,1580,0,None,None,1x1,None,NA,NA,Crafting,,NA,NA,1.0.0,Yes,ToolStickTulip,NA,5085,u7ZfCMpDYtPRbK2vc
tweeter,,NA,NA,No,No,NA,Unlimited,1,800,200,0,None,None,1x1,None,NA,NA,Redd's Raffle; Nook's Cranny,Available from Redd's Raffle during Fireworks Shows; Available from Nook's Cranny rotating cabinet stock outside of August,Fireworks Show,No,1.4.0,Yes,ToolBlowouts,NA,5742,QxaQCNrLi393nadSQ
uchiwa fan,,NA,NA,No,No,NA,Unlimited,1,800,200,0,None,None,1x1,None,NA,NA,Redd's Raffle; Nook's Cranny,Available from Redd's Raffle during Fireworks Shows; Available from Nook's Cranny rotating cabinet stock outside of August,Fireworks Show,No,1.4.0,Yes,ToolPaperFan,NA,5319,bPKsESXK5jLNWXAof
vaulting pole,,NA,NA,Yes,No,NA,Unlimited,1,NFS,600,0,None,None,1x1,None,NA,NA,Crafting,,NA,NA,1.0.0,Yes,LongWoodenStick,NA,4703,2vD5XPKHSCCSjy882
wand,,NA,NA,Yes,No,NA,Unlimited,1,NFS,1000,0,None,None,1x1,None,NA,NA,Crafting,,NA,NA,1.0.0,Yes,ToolStickWood,NA,7584,2Re2yBHTfLRDiTWRb
watering can,,Blue,Color,Yes,Yes,1,60,1,NFS,600,0,None,None,1x1,None,NA,NA,Crafting,,NA,NA,1.0.0,Yes,ToolWatering_Remake_0_0,0_0,2379,wLChevsx2T9Sm6yf4
watering can,,Orange,Color,Yes,Yes,1,60,1,NFS,600,0,None,None,1x1,None,NA,NA,Crafting,,NA,NA,1.0.0,Yes,ToolWatering_Remake_1_0,1_0,2379,29SBgiL9wQWpYmfa4
watering can,,Green,Color,Yes,Yes,1,60,1,NFS,600,0,None,None,1x1,None,NA,NA,Crafting,,NA,NA,1.0.0,Yes,ToolWatering_Remake_2_0,2_0,2379,m8fFeTsh7z7JgjB6H
watering can,,Red,Color,Yes,Yes,1,60,1,NFS,600,0,None,None,1x1,None,NA,NA,Crafting,,NA,NA,1.0.0,Yes,ToolWatering_Remake_3_0,3_0,2379,95zusTkvS5ou2wPEC
watering can,,Purple,Color,Yes,Yes,1,60,1,NFS,600,0,None,None,1x1,None,NA,NA,Crafting,,NA,NA,1.0.0,Yes,ToolWatering_Remake_4_0,4_0,2379,wiAp8rGXiDM3kyxpo
watering can,,Pink,Color,Yes,Yes,1,60,1,NFS,600,0,None,None,1x1,None,NA,NA,Crafting,,NA,NA,1.0.0,Yes,ToolWatering_Remake_5_0,5_0,2379,JSe4Du3wPtE2TT98X
watering can,,White,Color,Yes,Yes,1,60,1,NFS,600,0,None,None,1x1,None,NA,NA,Crafting,,NA,NA,1.0.0,Yes,ToolWatering_Remake_6_0,6_0,2379,Z7ggDgjzNii2RWjNQ
watering can,,Black,Color,Yes,Yes,1,60,1,NFS,600,0,None,None,1x1,None,NA,NA,Crafting,,NA,NA,1.0.0,Yes,ToolWatering_Remake_7_0,7_0,2379,77zFHmNrGhuJAvvjA
wedding wand,,NA,NA,Yes,No,NA,Unlimited,1,NFS,3500,437,None,None,1x1,None,NA,NA,Crafting,,Wedding Season,Yes,1.2.0,Yes,ToolStickJune,NA,12695,syPb2baTrP3zqi66f
windflower wand,,NA,NA,Yes,No,NA,Unlimited,1,NFS,1580,0,None,None,1x1,None,NA,NA,Crafting,,NA,NA,1.0.0,Yes,ToolStickAnemones,NA,5084,ERMKczYuvS6Eff7C9
worn axe,,NA,NA,No,No,NA,3,1,NFS,10,0,None,None,1x1,None,NA,NA,May Day Tour,,May Day,Yes,1.2.0,Yes,ToolAxeFragile,NA,12615,xqXJch47cQrNT65jG
yellow balloon,,NA,NA,No,No,NA,Unlimited,1,600,150,0,None,None,1x1,None,NA,NA,Redd's Raffle; Nook's Cranny,Available from Redd's Raffle during Fireworks Shows; Available from Nook's Cranny rotating cabinet stock outside of August,Fireworks Show,No,1.4.0,Yes,ToolBalloonNormal2,NA,13124,dF8pTGMJY5465vatR