Name,Image,VFX,VFX Type,DIY,Buy,Sell,Color 1,Color 2,Exchange Price,Exchange Currency,Source,Source Notes,Season/Event,Season/Event Exclusive,Window Type,Window Color,Pane Type,Curtain Type,Curtain Color,Ceiling Type,HHA Base Points,HHA Concept 1,HHA Concept 2,HHA Series,Tag,Catalog,Version Added,Unlocked?,Filename,Internal ID,Unique Entry ID
abstract wall,,No,NA,No,1560,390,White,Colorful,NA,NA,Nook's Cranny,,NA,NA,Four Pane,Grey Wood,Glass,Roller Shades,White,Cloth,151,shop,facility,None,Cloth Walls,For sale,1.0.0,Yes,RoomTexWallAbstract00,4873,FpdbDr4PMe5WdEZkA
ancient wall,,No,NA,No,3000,750,Beige,Brown,NA,NA,Saharah,,NA,NA,None,NA,NA,None,NA,Stone,451,heritage,None,None,Asia,Not for sale,1.0.0,Yes,RoomTexWallEgypt00,4936,Y2pykQMhqbEoGGa62
apple wall,,No,NA,Yes,NFS,4000,Red,Red,NA,NA,Crafting,,NA,NA,Four Pane,Grey Wood,Glass,Roller Shades,White,Cloth,103,fancy,child's room,fruits,Fruit Walls,Not for sale,1.0.0,Yes,RoomTexWallApple00,4916,roJZFWataeLQK6vqa
aqua tile wall,,No,NA,No,1420,355,Aqua,Aqua,NA,NA,Nook's Cranny,,NA,NA,Single Pane,White Metal,Glass,Slatted Blinds,White Plastic,Stone,151,bathroom,facility,None,Tile Walls,For sale,1.0.0,Yes,RoomTexWallTile01,4930,6NXvjsdpxJLbd96RM
arched-window wall,,Yes,NA,No,2150,537,Brown,Aqua,NA,NA,Nook's Cranny,,NA,NA,None,NA,NA,None,NA,Wood,151,shop,expensive,None,Special Walls,For sale,1.0.0,Yes,RoomSpWallGlass00,5482,TzS5oe6a7KyBezmLS
aurora wall,,Yes,Synchro,No,7000,1750,Blue,Aqua,NA,NA,Nook Shopping Seasonal,,Winter Solstice (northern hemisphere); Winter Solstice (southern hemisphere),Yes,None,NA,NA,None,NA,Plain,201,freezing cold,fancy,None,None,Not in catalog,1.6.0,Yes,RoomSpWallAurora00,13609,9FGZqwB77ofG4cC8k
autumn wall,,Yes,Random,Yes,NFS,4700,Brown,Orange,NA,NA,Crafting,,maple leaves,Yes,None,NA,NA,None,NA,Wood,201,garden,None,tree's bounty or leaves,Special Warm Nature Walls,Not for sale,1.0.0,Yes,RoomSpWallAutumun00,4905,KfLqJKhWtys8v86ig
backyard-fence wall,,Yes,Synchro,No,3000,750,Aqua,White,NA,NA,Saharah,,NA,NA,None,NA,NA,None,NA,Plain,451,garden,None,None,Special Cool Nature Walls,Not for sale,1.0.0,Yes,RoomSpWallBackyard00,5481,oPYWjEfm7BqHTYipq
bamboo wall,,No,NA,Yes,NFS,2400,Green,Beige,NA,NA,Crafting,,NA,NA,None,NA,NA,None,NA,Wood,103,harmonious,None,bamboo,Nature Walls,Not for sale,1.0.0,Yes,RoomTexWallBamboo00,4833,MYpD6DoNCPDw6d9t3
bamboo-grove wall,,No,NA,Yes,NFS,4300,Green,Green,NA,NA,Crafting,,young spring bamboo,Yes,None,NA,NA,None,NA,Wood,201,harmonious,None,bamboo,Nature Walls,Not for sale,1.0.0,Yes,RoomTexWallChikurin00,4853,LbsrED9Rwg6SHTCpa
bamboo-screen wall,,No,NA,No,1770,442,Brown,Brown,NA,NA,Nook's Cranny,,NA,NA,None,NA,NA,None,NA,Stone,151,harmonious,None,None,Wood Walls,For sale,1.0.0,Yes,RoomTexWallRattan00,4836,MZt39wkPG6P7iWG2M
bank-vault wall,,No,NA,No,3000,750,Gray,Gray,NA,NA,Saharah,,NA,NA,None,NA,NA,None,NA,Tile,451,facility,expensive,None,Iron Walls,Not for sale,1.0.0,Yes,RoomTexWallSafeBox00,4839,HrgjLfo8tPzP2zpbE
basic wall,,Yes,NA,No,600,150,White,White,NA,NA,Nook's Cranny,,NA,NA,None,NA,NA,None,NA,Tile,151,office,facility,None,Special Walls,For sale,1.0.0,Yes,RoomSpWallSimplePanel00,5559,FJxKPu5W2sd2YWQfA
beaded-curtain wall,,No,NA,No,1720,430,White,Orange,NA,NA,Nook's Cranny,,NA,NA,Four Pane,Natural Wood,Glass,Curtains,White Lace,Wood,151,shop,kitchen,None,Cloth Walls,For sale,1.0.0,Yes,RoomTexWallBeadsCurtain00,4877,M3mNZS2vSaHaiujcH
beige art-deco wall,,No,NA,No,2780,695,Beige,Beige,NA,NA,Nook's Cranny,,NA,NA,Arch,Wood,Glass,None,NA,Wood,151,child's room,living room,None,Art Deco Walls,For sale,1.0.0,Yes,RoomTexWallArtDeco00,4817,2zmJaMB2B9i8gLTKt
beige blossoming wall,,No,NA,No,1760,440,Beige,Brown,NA,NA,Nook's Cranny,,NA,NA,Four Pane,Natural Wood,Glass,Curtains,Red Checkered,Wood,151,fancy,living room,None,Country,For sale,1.0.0,Yes,RoomTexWallCountry00,4831,CF5325jZx7pNsqb6Z
beige desert-tile wall,,No,NA,No,2440,610,Beige,Beige,NA,NA,Nook's Cranny,,NA,NA,Sliding Pane,White Metal,Glass,None,NA,Stone,151,bathroom,facility,None,Morocco,For sale,1.0.0,Yes,RoomTexWallMorocco00,4834,qZrgjoMjxz9ehXqa4
black botanical-tile wall,,No,NA,No,1240,310,Black,Black,NA,NA,Nook's Cranny,,NA,NA,Single Pane,Black Metal,Glass,Slatted Blinds,Black Plastic,Stone,151,facility,expensive,None,Wood Tile Walls,For sale,1.0.0,Yes,RoomTexWallWoodTile03,6877,PEcX9J774Ffd6Gn8S
black hallway wall,,No,NA,No,2000,500,Black,Black,NA,NA,Nook's Cranny,,NA,NA,None,NA,NA,None,NA,Wood,151,facility,music,None,Hall Walls,For sale,1.0.0,Yes,RoomTexWallHall03,6862,pQrYRHsmovBApejNJ
black perforated-board wall,,No,NA,No,1180,295,Black,Black,NA,NA,Nook's Cranny,,NA,NA,None,NA,NA,None,NA,Tile,151,music,facility,None,Pegboard Walls,For sale,1.0.0,Yes,RoomTexWallPegboard02,4922,7fMiJATy4fWP4DpoC
black two-toned tile wall,,No,NA,No,1850,462,Black,Black,NA,NA,Nook's Cranny,,NA,NA,Sliding Pane,White Metal,Glass,None,NA,Stone,151,bathroom,facility,None,Two-Tone Tile Walls,For sale,1.0.0,Yes,RoomTexWallTwoToneTile06,6859,aF8tqscwpShhhsASx
black-brick wall,,No,NA,No,1000,250,Black,Black,NA,NA,Nook's Cranny,,NA,NA,Four Pane,Dark Wood,Glass,None,NA,Wood,151,facility,shop,None,Brick,For sale,1.0.0,Yes,RoomTexWallBrick02,4929,tCex7y47sAsaD44Wm
black-crown wall,,No,NA,No,2350,587,Black,Black,NA,NA,Nook's Cranny,,NA,NA,None,NA,NA,None,NA,Tile,151,expensive,None,None,Crown Walls,For sale,1.0.0,Yes,RoomTexWallCrown01,4815,4cCAvP8bbCYcyAyBE
blackboard wall,,No,NA,No,3000,750,Black,Colorful,NA,NA,Saharah,,NA,NA,None,NA,NA,None,NA,Wood,451,shop,school,None,Neta Walls,Not for sale,1.0.0,Yes,RoomTexWallBlackBoard00,4882,Aseoowo4cuXJqyWaA
blue blossoming wall,,No,NA,No,1760,440,Aqua,Blue,NA,NA,Nook's Cranny,,NA,NA,Four Pane,Grey Wood,Glass,Curtains,Blue Checkered,Wood,151,fancy,living room,None,Country,For sale,1.0.0,Yes,RoomTexWallCountry02,4896,SZWxorHWvT7vhGXsj
blue camo wall,,No,NA,No,1150,287,Blue,Blue,NA,NA,Nook's Cranny,,NA,NA,Single Pane,Grey Wood,Glass,Slatted Blinds,White Plastic,Cloth,151,party,child's room,None,Camouflage,For sale,1.0.0,Yes,RoomTexWallCamouflage01,4884,xQ2EDvGyh76skJyX3
blue delicate-blooms wall,,No,NA,No,1900,475,Blue,Black,NA,NA,Nook's Cranny,,NA,NA,Four Pane,Dark Wood,Glass,Roller Shades,Undyed,Wood,151,expensive,living room,None,Manor Walls,For sale,1.0.0,Yes,RoomTexWallManor03,6852,7Fb4nvMvoxtCZRQv7
blue desert-tile wall,,No,NA,No,2440,610,Blue,White,NA,NA,Nook's Cranny,,NA,NA,Sliding Pane,White Metal,Glass,None,NA,Stone,151,bathroom,facility,None,Morocco,For sale,1.0.0,Yes,RoomTexWallMorocco01,4835,vgNuogZ2JG2eZEBni
blue diner wall,,No,NA,No,2420,605,Blue,Aqua,NA,NA,Nook's Cranny,,NA,NA,Single Pane,White Metal,Glass,Slatted Blinds,White Plastic,Stone,151,fancy,shop,None,Diner Walls,For sale,1.0.0,Yes,RoomTexWallDiner00,7241,GjJT3k3neqwzenXku
blue flower-print wall,,No,NA,No,1780,445,Blue,Aqua,NA,NA,Nook's Cranny,,NA,NA,Four Pane,Dark Wood,Glass,Curtains,Light Blue,Wood,151,fancy,living room,None,Flower Walls,For sale,1.0.0,Yes,RoomTexWallFlower03,6873,Hfm5a2EozWyQws3Tv
blue heart-pattern wall,,No,NA,No,1280,320,Blue,Aqua,NA,NA,Nook's Cranny,,NA,NA,Four Pane,White Wood,Glass,Roller Shades,White,Cloth,151,fancy,child's room,None,Heart Walls,For sale,1.0.0,Yes,RoomTexWallHeart00,4874,9dXvZ4H39kton3Tcj
blue honeycomb-tile wall,,No,NA,No,1680,420,Blue,Blue,NA,NA,Nook's Cranny,,NA,NA,Sliding Pane,Black Metal,Glass,None,NA,Stone,151,bathroom,facility,None,Honeycomb,For sale,1.0.0,Yes,RoomTexWallHoneycomb01,4912,Fht6yazsmMqdtEYQb
blue intricate wall,,No,NA,No,1570,392,Blue,White,NA,NA,Nook's Cranny,,NA,NA,Four Pane,Grey Wood,Glass,Roller Shades,White,Wood,151,living room,shop,None,Flower Pop Walls,For sale,1.0.0,Yes,RoomTexWallFlowerPop00,4848,p65nAJPAzQRgrjmDk
blue molded-panel wall,,No,NA,No,1980,495,Blue,Brown,NA,NA,Nook's Cranny,,NA,NA,Sliding Pane,White Metal,Glass,None,NA,Cloth,151,expensive,shop,None,Panel Mold Walls,For sale,1.0.0,Yes,RoomTexWallPanelMold01,4871,NpLfp6Jj3N5SDZJGK
blue painted-wood wall,,No,NA,No,1650,412,Blue,Aqua,NA,NA,Nook's Cranny,,NA,NA,Four Pane,White Wood,Glass,None,NA,Wood,151,fancy,living room,None,Painted Wood,For sale,1.0.0,Yes,RoomTexWallPaintWood00,4948,taLRgdodXzdzaAqA5
blue playroom wall,,No,NA,No,2540,635,Aqua,Blue,NA,NA,Nook's Cranny,,NA,NA,Sliding Pane,White Metal,Glass,None,NA,Cloth,151,child's room,fancy,None,Toy Walls,For sale,1.0.0,Yes,RoomTexWallToy00,4888,GFvGWj5w9m6i5eRwu
blue quilt wall,,No,NA,No,2150,537,Blue,White,NA,NA,Nook's Cranny,,NA,NA,Four Pane,White Wood,Glass,Curtains,White Lace,Cloth,151,fancy,child's room,None,Dollhouse Walls,For sale,1.0.0,Yes,RoomTexWallDollhouse01,7277,PPTLt5GQAdAhgRkxx
blue shanty wall,,No,NA,No,620,155,Blue,Blue,NA,NA,Nook's Cranny,,NA,NA,Single Pane,Grey Wood,Glass,Slatted Blinds,White Plastic,Stone,151,workshop,None,None,Tin Walls,For sale,1.0.0,Yes,RoomTexWallTin02,4925,izNEFpPcp7pZaokHC
blue simple-cloth wall,,No,NA,No,750,187,Blue,Aqua,NA,NA,Nook's Cranny,,NA,NA,Four Pane,White Wood,Glass,Curtains,White,Wood,151,child's room,living room,None,Simple Walls,For sale,1.0.0,Yes,RoomTexWallSimple03,4869,KEN3oXsCwXwBcrfyD
blue subway-tile wall,,No,NA,No,1340,335,Blue,Aqua,NA,NA,Nook's Cranny,,NA,NA,Sliding Pane,White Metal,Glass,None,NA,Stone,151,facility,shop,None,Metro Walls,For sale,1.0.0,Yes,RoomTexWallMetro00,4940,mJ2HZDvnKgWB4TfXD
blue tile wall,,No,NA,No,1420,355,Blue,Blue,NA,NA,Nook's Cranny,,NA,NA,Single Pane,White Metal,Glass,Slatted Blinds,White Plastic,Stone,151,bathroom,facility,None,Tile Walls,For sale,1.0.0,Yes,RoomTexWallTile03,7127,gFc6NFYEbm8AqnpNu
blue two-toned tile wall,,No,NA,No,1850,462,Blue,Blue,NA,NA,Nook's Cranny,,NA,NA,Sliding Pane,White Metal,Glass,None,NA,Stone,151,bathroom,facility,None,Two-Tone Tile Walls,For sale,1.0.0,Yes,RoomTexWallTwoToneTile05,6858,97tHxtBzbMechYNAe
blue-crown wall,,No,NA,No,2350,587,Blue,Black,NA,NA,Nook's Cranny,,NA,NA,None,NA,NA,None,NA,Tile,151,expensive,None,None,Crown Walls,For sale,1.0.0,Yes,RoomTexWallCrown00,4814,k3b6CntCn3X84TN8X
blue-paint wall,,No,NA,No,1600,400,Blue,Blue,NA,NA,Nook's Cranny,,NA,NA,Four Pane,Dark Wood,Glass,None,NA,Stone,151,fancy,living room,None,Stucco Walls,For sale,1.0.0,Yes,RoomTexWallStucco03,4811,Pdr9WyCDQ9MBgG2qf
blue-rose wall,,No,NA,No,1720,430,Blue,Aqua,NA,NA,Nook's Cranny,,NA,NA,Arch,Grey Metal,Glass,None,NA,Wood,151,fancy,living room,None,Rose Walls,For sale,1.0.0,Yes,RoomTexWallRose03,6869,24hAjZQPsBXg3qHgw
blue-striped wall,,No,NA,No,1520,380,Blue,White,NA,NA,Nook's Cranny,,NA,NA,Four Pane,White Wood,Glass,Roller Shades,White,Cloth,151,fancy,child's room,None,Stripe Walls,For sale,1.0.0,Yes,RoomTexWallStripe03,4945,ZN2NXtCWSxQyeY9TF
botanical-tile wall,,No,NA,No,1240,310,Beige,Yellow,NA,NA,Nook's Cranny,,NA,NA,Single Pane,Natural Wood,Glass,Slatted Blinds,Natural Wood,Stone,151,facility,expensive,None,Wood Tile Walls,For sale,1.0.0,Yes,RoomTexWallWoodTile02,6876,gAvEyZiovXdKht7Db
brown botanical-tile wall,,No,NA,No,1240,310,Brown,Brown,NA,NA,Nook's Cranny,,NA,NA,Single Pane,Dark Wood,Glass,Slatted Blinds,Dark Brown Wood,Stone,151,facility,expensive,None,Wood Tile Walls,For sale,1.0.0,Yes,RoomTexWallWoodTile01,4827,FBLdaz4BkJbYvtdhy
brown diner wall,,No,NA,No,2420,605,Brown,Colorful,NA,NA,Nook's Cranny,,NA,NA,Single Pane,White Metal,Glass,Slatted Blinds,White Plastic,Stone,151,fancy,shop,None,Diner Walls,For sale,1.0.0,Yes,RoomTexWallDiner03,7244,wtnNQikxNEJkL753p
brown hallway wall,,No,NA,No,2000,500,Brown,Brown,NA,NA,Nook's Cranny,,NA,NA,None,NA,NA,None,NA,Wood,151,facility,music,None,Hall Walls,For sale,1.0.0,Yes,RoomTexWallHall00,4806,hFcaZ4n9ktaGNSTBE
brown herringbone wall,,No,NA,Yes,NFS,1800,Brown,Brown,NA,NA,Crafting,,NA,NA,Single Pane,Natural Wood,Glass,Slatted Blinds,Brown Wood,Wood,103,living room,shop,None,Herringbone,Not for sale,1.0.0,Yes,RoomTexWallHerringbone00,4804,oYALopoXWt2ZRT7Ej
brown shanty wall,,No,NA,No,620,155,Brown,Brown,NA,NA,Nook's Cranny,,NA,NA,Single Pane,Grey Wood,Glass,Slatted Blinds,White Plastic,Stone,151,workshop,None,None,Tin Walls,For sale,1.0.0,Yes,RoomTexWallTin03,4926,MHxmHT82gP3odiLwv
brown wedding wall,,Yes,NA,No,NFS,750,Beige,Brown,12,Heart Crystals,Cyrus,,Wedding Season,Yes,None,NA,NA,None,NA,Stone,437,party,expensive,wedding,Cloth Walls,Not for sale,1.2.0,Yes,RoomSpWallChurch01,12468,micAswPDNsNS2A2mb
brown-brick wall,,No,NA,No,1000,250,Brown,Brown,NA,NA,Nook's Cranny,,NA,NA,Four Pane,Natural Wood,Glass,None,NA,Wood,151,facility,shop,None,Brick,For sale,1.0.0,Yes,RoomTexWallBrick03,6850,BE69b25WcF47xAqdG
brown-crown wall,,No,NA,No,2350,587,Brown,Brown,NA,NA,Nook's Cranny,,NA,NA,None,NA,NA,None,NA,Tile,151,expensive,None,None,Crown Walls,For sale,1.0.0,Yes,RoomTexWallCrown03,6851,oL8aBjZoFCFKEEgAg
Bunny Day wall,,No,NA,Yes,NFS,4800,Yellow,Colorful,NA,NA,Crafting,,Bunny Day (ready days); Bunny Day,Yes,Four Pane,White Wood,Glass,Curtains,White Lace,Cloth,351,fancy,child's room,Bunny Day,Cloth Walls,Not for sale,1.1.0,Yes,RoomTexWallEaster00,5231,dEoSTZADDLkvmDHuY
butterflies wall,,No,NA,No,NFS,840,White,Colorful,NA,NA,Flick,,Bug-Off,Yes,Four Pane,White Wood,Glass,Roller Shades,White,Wood,501,fancy,facility,None,Nature Walls,Not for sale,1.0.0,Yes,RoomTexWallInsect00,4880,gJEmy4shFTnDB9Pjy
cabin wall,,No,NA,Yes,NFS,1800,Beige,Beige,NA,NA,Crafting,,NA,NA,Four Pane,Natural Wood,Glass,Curtains,White Lace,Wood,103,living room,facility,None,Wood Walls,Not for sale,1.0.0,Yes,RoomTexWallLog00,4840,sAEWR5uKGAXM6utL7
caf√©-curtain wall,,Yes,NA,No,3000,750,Black,White,NA,NA,Saharah,,NA,NA,None,NA,NA,None,NA,Wood,451,shop,expensive,None,Special Walls,Not for sale,1.0.0,Yes,RoomSpWallCafe00,5483,ficQ2fw73rzF5EJBB
camo wall,,No,NA,No,1150,287,Black,Green,NA,NA,Nook's Cranny,,NA,NA,Single Pane,Grey Wood,Glass,Slatted Blinds,White Plastic,Cloth,151,party,child's room,None,Camouflage,For sale,1.0.0,Yes,RoomTexWallCamouflage00,4883,gBLHTGPLB65iZypbn
chain-link fence,,Yes,NA,No,3000,750,Gray,Gray,NA,NA,Saharah,,NA,NA,None,NA,NA,None,NA,Plain,451,garden,workshop,None,Special Cool Nature Walls,Not for sale,1.0.0,Yes,RoomSpWallEmptyLot00,5485,Qwbt8qxT8yN9XfXdR
cherry wall,,No,NA,Yes,NFS,4000,Pink,Red,NA,NA,Crafting,,NA,NA,Four Pane,Grey Wood,Glass,Roller Shades,White,Cloth,103,child's room,fancy,fruits,Fruit Walls,Not for sale,1.0.0,Yes,RoomTexWallCherry00,4919,tcMuDzZqtDYs29Asm
cherry-blossom-trees wall,,Yes,Random,Yes,NFS,4600,Brown,Pink,NA,NA,Crafting,,cherry-blossom petals,Yes,None,NA,NA,None,NA,Stone,201,garden,None,cherry blossoms,Special Warm Nature Walls,Not for sale,1.0.0,Yes,RoomSpWallSakura00,7205,LrRvk9Twg87SSqNR4
chic tearoom wall,,No,NA,No,1750,437,Black,Black,NA,NA,Nook's Cranny,,NA,NA,Circle,Dark Wood,Screen,None,NA,Wood,151,harmonious,shop,None,Tea Room Walls,For sale,1.0.0,Yes,RoomTexWallMud03,11176,juLfiYnkF3x3wSAMZ
chic wall,,No,NA,No,1960,490,Yellow,Beige,NA,NA,Nook's Cranny,,NA,NA,Four Pane,White Wood,Glass,Curtains,White Lace,Wood,151,expensive,living room,None,Cloth Walls,For sale,1.0.0,Yes,RoomTexWallClassic00,4828,QMofvFznsaNcsDTqg
chocolate hallway wall,,No,NA,No,2000,500,Brown,Brown,NA,NA,Nook's Cranny,,NA,NA,None,NA,NA,None,NA,Wood,151,facility,music,None,Hall Walls,For sale,1.0.0,Yes,RoomTexWallHall01,4807,WZfDqbGb3cACFJWrg
chocolate herringbone wall,,No,NA,Yes,NFS,1800,Brown,Brown,NA,NA,Crafting,,NA,NA,Single Pane,Dark Wood,Glass,Slatted Blinds,Dark Brown Wood,Wood,103,living room,shop,None,Herringbone,Not for sale,1.0.0,Yes,RoomTexWallHerringbone01,4805,TpZxYjK6NorSqDMwu
Cinnamoroll wall,,No,NA,No,3000,750,White,Colorful,NA,NA,Nook Shopping Promotion,Scan the associated Sanrio amiibo card,NA,NA,None,NA,NA,None,NA,Cloth,201,fancy,None,Cinnamoroll,Sanrio Walls,Not in catalog,1.9.0,Yes,RoomTexWallCinnamon00,10172,XAaoMY22k2S8T26bA
circuit-board wall,,No,NA,No,3000,750,Green,Green,NA,NA,Saharah,,NA,NA,None,NA,NA,None,NA,Stone,451,facility,None,None,Neta Walls,Not for sale,1.0.0,Yes,RoomTexWallGeek00,4821,Ms4DDtXTTGMwXdvvy
cityscape wall,,Yes,NA,No,3000,750,Black,Black,NA,NA,Saharah,,NA,NA,None,NA,NA,None,NA,Cloth,451,shop,expensive,None,Special Walls,Not for sale,1.0.0,Yes,RoomSpWallNightView00,5400,9B4hFDTD7xM8goPGs
classic-library wall,,No,NA,Yes,NFS,1450,Black,Black,NA,NA,Crafting,,NA,NA,None,NA,NA,None,NA,Wood,103,den,None,None,Library Walls,Not for sale,1.0.0,Yes,RoomTexWallLibrary00,4837,YbYmnjKXc49cyT6GB
colorful puzzle wall,,No,NA,No,1540,385,Colorful,Colorful,NA,NA,Nook's Cranny,,NA,NA,Single Pane,White Metal,Glass,Slatted Blinds,White Plastic,Cloth,151,fancy,child's room,None,Puzzle Walls,For sale,1.0.0,Yes,RoomTexWallPuzzle01,4887,gpsYwFiGd3coj2eBS
colorful-tile wall,,No,NA,No,1420,355,Colorful,Colorful,NA,NA,Nook's Cranny,,NA,NA,Single Pane,White Metal,Glass,Slatted Blinds,White Plastic,Stone,151,bathroom,facility,None,Tile Walls,For sale,1.0.0,Yes,RoomTexWallTile02,4931,yu9xkApAW49Zhhf9i
common wall,,No,NA,No,800,200,Beige,Brown,NA,NA,Nook's Cranny,,NA,NA,Four Pane,Natural Wood,Glass,Curtains,White,Wood,151,living room,school,None,Stone Walls,For sale,1.0.0,Yes,RoomTexWallCommon00,4795,nLsLm3SoBAKtH5DmF
concrete wall,,No,NA,No,940,235,Gray,Gray,NA,NA,Nook's Cranny,,NA,NA,Single Pane,Grey Wood,Glass,Slatted Blinds,White Plastic,Stone,151,workshop,facility,None,Stone Walls,For sale,1.0.0,Yes,RoomTexWallConcrete00,4890,jmixjxLNuH9jRQhyr
construction-site wall,,No,NA,No,3000,750,Blue,Blue,NA,NA,Saharah,,NA,NA,None,NA,NA,None,NA,Stone,451,workshop,facility,None,Neta Walls,Not for sale,1.0.0,Yes,RoomTexWallBlueSheet00,4843,gDubZLr2wi622j5De
crepe-design wall,,No,NA,No,1550,387,White,Colorful,NA,NA,Nook's Cranny,,NA,NA,Circle,Grey Wood,Screen,None,NA,Wood,151,harmonious,None,None,Japanese Style,For sale,1.0.0,Yes,RoomTexWallCrepe00,4841,dBSCiiYyny3ReAbgo
cute blue wall,,No,NA,No,1880,470,Blue,White,NA,NA,Nook's Cranny,,NA,NA,Four Pane,White Wood,Glass,Curtains,White Lace,Cloth,151,fancy,child's room,None,Cute Walls,For sale,1.0.0,Yes,RoomTexWallCute02,7217,KFhQNtCs6tx9sj7dy
cute red wall,,No,NA,No,1880,470,Red,White,NA,NA,Nook's Cranny,,NA,NA,Four Pane,Grey Wood,Glass,Curtains,White Lace,Cloth,151,fancy,child's room,None,Cute Walls,For sale,1.0.0,Yes,RoomTexWallCute01,7216,qYZyrdquxzvHErF5n
cute white wall,,No,NA,No,1880,470,White,White,NA,NA,Nook's Cranny,,NA,NA,Four Pane,Grey Wood,Glass,Curtains,White Lace,Cloth,151,fancy,child's room,None,Cute Walls,For sale,1.0.0,Yes,RoomTexWallCute00,7215,McKcAab2qjAaviYvA
cute yellow wall,,No,NA,No,1880,470,Yellow,White,NA,NA,Nook's Cranny,,NA,NA,Four Pane,White Wood,Glass,Curtains,White Lace,Cloth,151,fancy,child's room,None,Cute Walls,For sale,1.0.0,Yes,RoomTexWallCute03,7218,6j8PFwiuCwkN7GP5b
dark wooden-mosaic wall,,No,NA,Yes,NFS,1800,Black,Black,NA,NA,Crafting,,NA,NA,Single Pane,Dark Wood,Glass,Slatted Blinds,Dark Brown Wood,Stone,103,living room,shop,None,Wood Plank Walls,Not for sale,1.0.0,Yes,RoomTexWallMixPlankWood01,4860,zZ6oMsuRibBQMkCA7
dark-chocolate wall,,No,NA,No,3000,750,Brown,Brown,NA,NA,Saharah,,NA,NA,None,NA,NA,None,NA,Tile,451,fancy,None,None,Chocolate,Not for sale,1.0.0,Yes,RoomTexWallChocolate00,4932,MWLvj23WuHrEJkMjk
desert vista,,Yes,Synchro,No,3000,750,Beige,Gray,NA,NA,Saharah,,NA,NA,None,NA,NA,None,NA,Plain,451,heritage,None,None,Special Cool Nature Walls,Not for sale,1.0.0,Yes,RoomSpWallDesert00,5488,o45mte3eFoaM3ts98
dig-site wall,,No,NA,No,3000,750,Brown,Beige,NA,NA,Saharah,,NA,NA,None,NA,NA,None,NA,Stone,451,garden,horror,None,Stone Walls,Not for sale,1.0.0,Yes,RoomTexWallStratum00,5222,Rj3X2dJ5WfYu3wpMP
dirt-clod wall,,No,NA,No,200,50,Beige,Brown,NA,NA,Nook's Cranny,,NA,NA,Four Pane,Natural Wood,Screen,None,NA,Wood,151,horror,None,None,Stone Walls,For sale,1.0.0,Yes,RoomTexWallOldSoil00,4856,LCJDGnfwuHqkgfxJB
dojo wall,,No,NA,No,3000,750,Yellow,Beige,NA,NA,Saharah,,NA,NA,None,NA,NA,None,NA,Wood,451,fitness,harmonious,None,Wood Walls,Not for sale,1.0.0,Yes,RoomTexWallBaseboards00,5227,sLYrC9TRZJDMCZjM6
dungeon wall,,Yes,NA,No,3000,750,Black,Gray,NA,NA,Saharah,,NA,NA,None,NA,NA,None,NA,Stone,451,horror,None,None,Special Inorganic Walls,Not for sale,1.0.0,Yes,RoomSpWallJail00,5509,zcHJb34EruL2Szn87
exquisite wall,,No,NA,No,3000,750,Brown,White,NA,NA,Saharah,,NA,NA,None,NA,NA,None,NA,Wood,451,harmonious,shop,None,Asia,Not for sale,1.0.0,Yes,RoomTexWallChina00,4866,TPZRP5K6z87YHs6TC
falling-snow wall,,Yes,Random,Yes,NFS,2700,Brown,Blue,NA,NA,Crafting,,snowflakes,Yes,None,NA,NA,None,NA,Stone,201,freezing cold,None,None,None,Not for sale,1.6.0,Yes,RoomSpWallSnowy00,13603,EufJsvAbx2PSzr8jz
fireworks-show wall,,Yes,NA,No,3000,750,Black,Black,NA,NA,Saharah; Nintendo,Mailed to players after the 1.4.0 update in a letter from Nintendo,NA,NA,None,NA,NA,None,NA,Plain,451,outdoors,ocean,None,Special Warm Nature Walls,Not for sale,1.4.0,Yes,RoomSpWallFireworks00,13230,poLXZmMTa2bYsAYpe
forest wall,,No,NA,Yes,NFS,44000,Black,Black,NA,NA,Crafting,,mushrooms,Yes,None,NA,NA,None,NA,Stone,201,garden,None,mush,Nature Walls,Not for sale,1.0.0,Yes,RoomTexWallMushForest00,7187,ogwkK7pveFmag6MXj
future-tech wall,,Yes,Synchro,No,3000,750,Black,Black,NA,NA,Saharah,,NA,NA,None,NA,NA,None,NA,Stone,451,horror,heritage,None,Special Inorganic Walls,Not for sale,1.0.0,Yes,RoomSpWallTechnology00,5494,JawM9P46KeFwGXdsm
garbage-heap wall,,No,NA,Yes,NFS,120,Aqua,Gray,NA,NA,Crafting,,NA,NA,None,NA,NA,None,NA,Plain,103,workshop,horror,None,Neta Walls,Not for sale,1.0.0,Yes,RoomTexWallGarbage00,5229,KfoTScCc4NZruFYd8
gold-screen wall,,No,NA,Yes,NFS,20750,Yellow,Yellow,NA,NA,Crafting,,NA,NA,None,NA,NA,None,NA,Wood,103,harmonious,expensive,None,Japanese Style,Not for sale,1.0.0,Yes,RoomTexWallFusumaGorgeous00,4820,CucFATJt8EtZmbKFX
golden wall,,No,NA,Yes,NFS,40000,Yellow,Brown,NA,NA,Crafting,,NA,NA,None,NA,NA,None,NA,Gold,103,expensive,horror,golden,Asia,Not for sale,1.0.0,Yes,RoomTexWallGold00,4894,uyLj28ErYLEjpYzEF
gray diner wall,,No,NA,No,2420,605,White,Colorful,NA,NA,Nook's Cranny,,NA,NA,Single Pane,White Metal,Glass,Slatted Blinds,White Plastic,Stone,151,fancy,shop,None,Diner Walls,For sale,1.0.0,Yes,RoomTexWallDiner02,7243,eTcpWCGHCzsdGRs7k
gray molded-panel wall,,No,NA,No,1980,495,Gray,Gray,NA,NA,Nook's Cranny,,NA,NA,Sliding Pane,Black Metal,Glass,None,NA,Cloth,151,expensive,shop,None,Panel Mold Walls,For sale,1.0.0,Yes,RoomTexWallPanelMold02,4872,49g9WCb7cvS8kpqDF
gray shanty wall,,No,NA,No,620,155,Gray,Gray,NA,NA,Nook's Cranny,,NA,NA,Single Pane,Grey Wood,Glass,Slatted Blinds,White Plastic,Stone,151,workshop,None,None,Tin Walls,For sale,1.0.0,Yes,RoomTexWallTin00,4923,7uz4sbe5zSfsa8PqK
gray-striped wall,,No,NA,No,1520,380,Gray,White,NA,NA,Nook's Cranny,,NA,NA,Four Pane,White Wood,Glass,Roller Shades,White,Cloth,151,fancy,child's room,None,Stripe Walls,For sale,1.0.0,Yes,RoomTexWallStripe02,4944,xWHnQXK7duTWZ8GrD
green blossoming wall,,No,NA,No,1760,440,Green,Brown,NA,NA,Nook's Cranny,,NA,NA,Four Pane,Light Wood,Glass,Curtains,Green Checkered,Wood,151,fancy,living room,None,Country,For sale,1.0.0,Yes,RoomTexWallCountry03,4903,ZPCtPY4gYYKPn7ipQ
green delicate-blooms wall,,No,NA,No,1900,475,Green,Black,NA,NA,Nook's Cranny,,NA,NA,Four Pane,Dark Wood,Glass,Roller Shades,Undyed,Wood,151,expensive,living room,None,Manor Walls,For sale,1.0.0,Yes,RoomTexWallManor02,4898,rsBmsGkcmQYWzEivw
green flower-print wall,,No,NA,No,1780,445,Green,Beige,NA,NA,Nook's Cranny,,NA,NA,Four Pane,White Wood,Glass,Curtains,Green,Wood,151,fancy,living room,None,Flower Walls,For sale,1.0.0,Yes,RoomTexWallFlower01,4935,oYN6MCEQENZymoKdm
green honeycomb-tile wall,,No,NA,No,1680,420,Green,Green,NA,NA,Nook's Cranny,,NA,NA,Sliding Pane,Grey Metal,Glass,None,NA,Stone,151,bathroom,facility,None,Honeycomb,For sale,1.0.0,Yes,RoomTexWallHoneycomb02,4913,Aws33pgNCEygKeaB4
green intricate wall,,No,NA,No,1570,392,Green,White,NA,NA,Nook's Cranny,,NA,NA,Four Pane,Grey Wood,Glass,Roller Shades,White,Wood,151,living room,shop,None,Flower Pop Walls,For sale,1.0.0,Yes,RoomTexWallFlowerPop02,6878,hD6uCKiZPpJC6eqom
green molded-panel wall,,No,NA,No,1980,495,Green,White,NA,NA,Nook's Cranny,,NA,NA,Sliding Pane,White Metal,Glass,None,NA,Cloth,151,fancy,child's room,None,Panel Mold Walls,For sale,1.0.0,Yes,RoomTexWallPanelMold03,6854,L5cttCqv5dPEpZNwm
green painted-wood wall,,No,NA,No,1650,412,Green,Green,NA,NA,Nook's Cranny,,NA,NA,Four Pane,White Wood,Glass,None,NA,Wood,151,fancy,child's room,None,Painted Wood,For sale,1.0.0,Yes,RoomTexWallPaintWood01,4949,wDrM2ExdLkKTKohtr
green playroom wall,,No,NA,No,2540,635,Green,Green,NA,NA,Nook's Cranny,,NA,NA,Sliding Pane,White Metal,Glass,None,NA,Cloth,151,child's room,fancy,None,Toy Walls,For sale,1.0.0,Yes,RoomTexWallToy02,6866,hrZPmBpEgQ8SZm2oe
green wedding wall,,Yes,NA,No,NFS,750,Green,Aqua,12,Heart Crystals,Cyrus,,Wedding Season,Yes,None,NA,NA,None,NA,Stone,437,party,expensive,wedding,Cloth Walls,Not for sale,1.2.0,Yes,RoomSpWallChurch02,12469,WvGCWHyf2NKwuiZ7Z
green-paint wall,,No,NA,No,1600,400,Green,Green,NA,NA,Nook's Cranny,,NA,NA,Four Pane,Dark Wood,Glass,None,NA,Stone,151,fancy,living room,None,Stucco Walls,For sale,1.0.0,Yes,RoomTexWallStucco04,4812,3ZHQo8e8Wqgw4cpwy
groovy wall,,No,NA,No,1280,320,Orange,Orange,NA,NA,Nook's Cranny,,NA,NA,Single Pane,Natural Wood,Glass,Slatted Blinds,Brown Wood,Cloth,151,party,None,None,Cloth Walls,For sale,1.0.0,Yes,RoomTexWallPsyche00,4846,gt5Bv4qHoaZ9QCyj4
harmonious wall,,No,NA,No,1780,445,Brown,Brown,NA,NA,Nook's Cranny,,NA,NA,None,NA,NA,None,NA,Stone,151,harmonious,shop,None,Asia,For sale,1.0.0,Yes,RoomTexWallOriental00,11180,uCzqeq8GvfKRsWRd4
heavy-curtain wall,,No,NA,No,3000,750,Red,Black,NA,NA,Saharah,,NA,NA,None,NA,NA,None,NA,Wood,451,music,party,None,Cloth Walls,Not for sale,1.0.0,Yes,RoomTexWallThickCurtain00,4878,mKPtEN398qGZ7Yryu
Hello Kitty wall,,No,NA,No,3000,750,Red,Blue,NA,NA,Nook Shopping Promotion,Scan the associated Sanrio amiibo card,NA,NA,None,NA,NA,None,NA,Cloth,201,fancy,None,Hello Kitty,Sanrio Walls,Not in catalog,1.9.0,Yes,RoomTexWallKitty00,10171,annG3qKgFvLLenENq
honeycomb wall,,No,NA,Yes,NFS,3600,Yellow,Yellow,NA,NA,Crafting,,NA,NA,None,NA,NA,None,NA,Stone,103,fancy,facility,None,Tile Walls,Not for sale,1.0.0,Yes,RoomTexWallHoney00,4865,hB3LqvkNidDmzrZ8z
honeycomb-tile wall,,No,NA,No,1680,420,Brown,Brown,NA,NA,Nook's Cranny,,NA,NA,Sliding Pane,Black Metal,Glass,None,NA,Stone,151,bathroom,facility,None,Honeycomb,For sale,1.0.0,Yes,RoomTexWallHoneycomb00,4909,S3bCMm6KGHKF6Ynzg
ice wall,,Yes,NA,Yes,NFS,8200,Aqua,Aqua,NA,NA,Crafting,,snowflakes,Yes,None,NA,NA,None,NA,Stone,444,freezing cold,facility,frozen,Special Walls,Not for sale,1.0.0,Yes,RoomSpWallIce00,5505,d84Y3R4CzrtjCasov
iceberg wall,,No,NA,Yes,NFS,4000,Aqua,White,NA,NA,Crafting,,snowflakes,Yes,None,NA,NA,None,NA,Plain,201,freezing cold,None,None,Neta Walls,Not for sale,1.0.0,Yes,RoomTexWallIceFloe00,5662,XqrwARWP9bzsmsjiF
imperial wall,,No,NA,No,3000,750,Red,Red,NA,NA,Saharah,,NA,NA,None,NA,NA,None,NA,Stone,451,expensive,None,None,Asia,Not for sale,1.0.0,Yes,RoomTexWallDynasty00,5224,YkuzvDjqXDB9CYHhm
industrial wall,,No,NA,No,3000,750,Black,Black,NA,NA,Saharah,,NA,NA,None,NA,NA,None,NA,Stone,451,facility,None,None,Iron Walls,Not for sale,1.0.0,Yes,RoomTexWallFactory00,4876,ao5GCHQqnwssDNRGN
ivy wall,,No,NA,No,3000,750,Brown,Green,NA,NA,Saharah,,NA,NA,None,NA,NA,None,NA,Stone,451,facility,shop,None,Nature Walls,Not for sale,1.0.0,Yes,RoomTexWallIvy00,4850,t6XmWqkyhZt8Axyeh
Jingle wall,,Yes,Synchro,Yes,NFS,2500,Green,Colorful,NA,NA,Crafting,,ornaments,Yes,None,NA,NA,None,NA,Wood,201,fancy,party,festive,Special Walls,Not for sale,1.0.0,Yes,RoomSpWallXmas00,5230,ZjBHKK8ckePAaKpxe
jungle wall,,No,NA,Yes,NFS,1380,Green,Green,NA,NA,Crafting,,NA,NA,None,NA,NA,None,NA,Stone,103,garden,facility,None,Nature Walls,Not for sale,1.0.0,Yes,RoomTexWallJungle00,5457,pJFdFWHgQRiYAn67i
Kerokerokeroppi wall,,No,NA,No,3000,750,Green,Green,NA,NA,Nook Shopping Promotion,Scan the associated Sanrio amiibo card,NA,NA,None,NA,NA,None,NA,Cloth,201,garden,harmonious,Kerokerokeroppi,Sanrio Walls,Not in catalog,1.9.0,Yes,RoomTexWallKeroppi00,10175,rcc2xxFF6iEZFWCwD
Kiki & Lala wall,,No,NA,No,3000,750,Pink,Colorful,NA,NA,Nook Shopping Promotion,Scan the associated Sanrio amiibo card,NA,NA,None,NA,NA,None,NA,Cloth,201,fancy,None,Kiki & Lala,Sanrio Walls,Not in catalog,1.9.0,Yes,RoomTexWallKikilala00,10176,FEueHTF7kRxdi32bM
kisses wall,,No,NA,No,3000,750,Pink,White,NA,NA,Saharah,,NA,NA,Single Pane,White Metal,Glass,Slatted Blinds,White Plastic,Cloth,451,party,fancy,None,Cloth Walls,Not for sale,1.0.0,Yes,RoomTexWallKiss00,4881,ZeuGwoWptbyaQDsbu
laboratory wall,,Yes,Random,No,3000,750,Black,Black,NA,NA,Saharah,,NA,NA,None,NA,NA,None,NA,Tile,451,facility,None,None,Special Inorganic Walls,Not for sale,1.0.0,Yes,RoomSpWallLabo00,5495,kNrqC5Xs7RFybYfkN
lattice wall,,No,NA,No,1780,445,Brown,Brown,NA,NA,Nook's Cranny,,NA,NA,None,NA,NA,None,NA,Wood,151,harmonious,shop,None,Asia,For sale,1.0.0,Yes,RoomTexWallLattice00,4830,ZQFuCuh6fdtufMYzs
magma-cavern wall,,Yes,Synchro,No,3000,750,Orange,Orange,NA,NA,Saharah,,NA,NA,None,NA,NA,None,NA,Stone,451,horror,None,None,Special Warm Nature Walls,Not for sale,1.0.0,Yes,RoomSpWallVolcano00,5506,ugvpYYqX4F9bgLbnj
manga-library wall,,No,NA,Yes,NFS,1050,White,White,NA,NA,Crafting,,NA,NA,None,NA,NA,None,NA,Cloth,103,facility,den,None,Library Walls,Not for sale,1.0.0,Yes,RoomTexWallLibrary01,4838,wRBeXRoDHw6Curx44
mangrove wall,,No,NA,No,3000,750,Green,Green,NA,NA,Saharah,,NA,NA,None,NA,NA,None,NA,Plain,451,garden,None,None,Nature Walls,Not for sale,1.0.0,Yes,RoomTexWallMangrove00,5514,j8cYo8ozHYBaAm3JH
marine pop wall,,No,NA,No,NFS,805,Aqua,Blue,NA,NA,C.J.,,Fishing Tourney,Yes,Four Pane,Grey Wood,Glass,Roller Shades,White,Wood,501,ocean,child's room,None,Cloth Walls,Not for sale,1.0.0,Yes,RoomTexWallFish00,4879,DmheJHpCg6xk8dX3R
meadow vista,,Yes,Synchro,No,3000,750,Green,Aqua,NA,NA,Saharah,,NA,NA,None,NA,NA,None,NA,Plain,451,garden,None,None,Special Cool Nature Walls,Not for sale,1.0.0,Yes,RoomSpWallHighLands00,5484,QdWj45HftWrWwC3dH
mermaid wall,,Yes,Random,Yes,NFS,23520,Pink,Aqua,NA,NA,Crafting,,NA,NA,None,NA,NA,None,NA,Stone,451,ocean,fancy,mermaid,Special Warm Nature Walls,Not for sale,1.3.0,Yes,RoomSpWallMermaid00,12566,MP44TSDm3ADQzbMq2
misty-garden wall,,Yes,Random,No,3000,585,Gray,Gray,NA,NA,Saharah,,NA,NA,None,NA,NA,None,NA,Stone,451,garden,None,None,Special Cool Nature Walls,Not for sale,1.0.0,Yes,RoomSpWallRain00,11915,hgiWgFTr76YtZH8sH
mod wall,,No,NA,No,1220,305,Orange,Orange,NA,NA,Nook's Cranny,,NA,NA,Four Pane,Natural Wood,Glass,Roller Shades,Undyed,Cloth,151,party,None,None,Cloth Walls,For sale,1.0.0,Yes,RoomTexWallMod00,4908,Tiya4QoMRwThyKcG8
modern shoji-screen wall,,Yes,NA,No,1150,287,Brown,White,NA,NA,Nook's Cranny,,NA,NA,None,NA,NA,None,NA,Wood,151,harmonious,shop,None,Japanese Style,For sale,1.0.0,Yes,RoomSpWallShojiModem00,4864,WBh8T7xJBavLRKZpB
modern tearoom wall,,No,NA,No,1750,437,Brown,Brown,NA,NA,Nook's Cranny,,NA,NA,Circle,Dark Wood,Screen,None,NA,Wood,151,harmonious,shop,None,Tea Room Walls,For sale,1.0.0,Yes,RoomTexWallMud02,11178,Yk5NZC7SSyjDEpnA7
modern wood wall,,No,NA,Yes,NFS,1800,Brown,Brown,NA,NA,Crafting,,NA,NA,Single Pane,Natural Wood,Glass,Slatted Blinds,Brown Wood,Stone,103,living room,child's room,None,Wood Walls,Not for sale,1.0.0,Yes,RoomTexWallMixwood00,4904,KZjTLMR8uhbpJGQ64
monochromatic dotted wall,,No,NA,No,1100,275,Gray,White,NA,NA,Nook's Cranny,,NA,NA,Four Pane,Dark Wood,Glass,Curtains,White,Wood,151,fancy,child's room,None,Dot,For sale,1.0.0,Yes,RoomTexWallDot00,4892,SWkrbmL8ME6NeQd9Q
monochromatic-tile wall,,No,NA,No,1420,355,Gray,White,NA,NA,Nook's Cranny,,NA,NA,Single Pane,White Metal,Glass,Slatted Blinds,White Plastic,Stone,151,bathroom,facility,None,Tile Walls,For sale,1.0.0,Yes,RoomTexWallTile00,4910,6pk8nNbm4EmT3PrBr
mortar wall,,No,NA,No,3000,750,Gray,Gray,NA,NA,Saharah,,NA,NA,None,NA,NA,None,NA,Stone,451,harmonious,None,None,Stone Walls,Not for sale,1.0.0,Yes,RoomTexWallPlaster00,5215,mfRLEniEAEB9YAjCY
mosaic-tile wall,,No,NA,No,1450,362,Black,White,NA,NA,Nook's Cranny,,NA,NA,Four Pane,Grey Wood,Glass,Roller Shades,White,Stone,151,bathroom,facility,None,Tile Walls,For sale,1.0.0,Yes,RoomTexWallMosaicTile00,4862,2T8d9sRKwijHhESDS
mossy-garden wall,,No,NA,No,3000,750,Green,Green,NA,NA,Saharah,,NA,NA,None,NA,NA,None,NA,Stone,451,harmonious,None,None,Nature Walls,Not for sale,1.0.0,Yes,RoomTexWallMoss00,5458,nuuPHdxH5skMPdehs
mush wall,,No,NA,Yes,NFS,21400,Orange,Brown,NA,NA,Crafting,,mushrooms,Yes,Four Pane,White Wood,Glass,Roller Shades,Undyed,Cloth,201,fancy,None,mush,Cloth Walls,Not for sale,1.0.0,Yes,RoomTexWallMush00,5164,6xJHWgQgJA9e2n4jJ
mushroom mural,,Yes,Synchro,No,3000,750,Aqua,Colorful,NA,NA,Nintendo; Nook Shopping Promotion,Mailed to players after the 1.8.0 update in a letter from Nintendo,Super Mario Bros.,No,None,NA,NA,None,NA,Plain,201,fancy,child's room,Mario,Mario,Not in catalog,1.8.0,Yes,RoomSpWallMario00,13805,Z5kYqifx5im2Ywe6P
My Melody wall,,No,NA,No,3000,750,Pink,Red,NA,NA,Nook Shopping Promotion,Scan the associated Sanrio amiibo card,NA,NA,None,NA,NA,None,NA,Cloth,201,fancy,None,My Melody,Sanrio Walls,Not in catalog,1.9.0,Yes,RoomTexWallMymelody00,10173,s97854TNLM2ipgGKY
Nook Inc. wall,,No,NA,No,NFS,6000,White,Aqua,1200,Nook Miles,Nook Miles Redemption,,NA,NA,Four Pane,Dark Wood,Glass,Curtains,White,Wood,151,fancy,shop,None,Cloth Walls,Not for sale,1.0.0,Yes,RoomTexWallFirst00,6004,e7uEC5di7XvHpvkuk
ocean-horizon wall,,Yes,Synchro,No,3000,750,Blue,Aqua,NA,NA,Saharah,,NA,NA,None,NA,NA,None,NA,Plain,451,ocean,None,None,Special Cool Nature Walls,Not for sale,1.0.0,Yes,RoomSpWallHorizon00,5486,BYpn3AZyJ8PWCAxHj
office wall,,No,NA,No,3000,750,White,Aqua,NA,NA,Saharah,,NA,NA,None,NA,NA,None,NA,Tile,451,office,None,None,Special Walls,Not for sale,1.0.0,Yes,RoomTexWallOffice00,5218,gSMtrRvmA9mYgtKtD
old wallpaper,,No,NA,No,200,50,Beige,Beige,NA,NA,Nook's Cranny,,NA,NA,Four Pane,White Wood,Glass,None,NA,Wood,151,horror,None,None,Cloth Walls,For sale,1.0.0,Yes,RoomTexWallOld00,4857,LvLyyhmz3TH3qjBi4
olive desert-tile wall,,No,NA,No,2440,610,Yellow,Yellow,NA,NA,Nook's Cranny,,NA,NA,Sliding Pane,White Metal,Glass,None,NA,Stone,151,bathroom,facility,None,Morocco,For sale,1.0.0,Yes,RoomTexWallMorocco03,6863,z5bNEBbKNL56CwQKo
orange camo wall,,No,NA,No,1150,287,Orange,Orange,NA,NA,Nook's Cranny,,NA,NA,Single Pane,Grey Wood,Glass,Slatted Blinds,White Plastic,Cloth,151,party,child's room,None,Camouflage,For sale,1.0.0,Yes,RoomTexWallCamouflage03,6855,xiaFSrf6okC624pCz
orange molded-panel wall,,No,NA,No,1980,495,Orange,Beige,NA,NA,Nook's Cranny,,NA,NA,Sliding Pane,White Metal,Glass,None,NA,Cloth,151,fancy,child's room,None,Panel Mold Walls,For sale,1.0.0,Yes,RoomTexWallPanelMold00,4870,zW3vwqmKDGhK68rCJ
orange wall,,No,NA,Yes,NFS,4000,Orange,Orange,NA,NA,Crafting,,NA,NA,Four Pane,Grey Wood,Glass,Roller Shades,White,Cloth,103,fancy,child's room,fruits,Fruit Walls,Not for sale,1.0.0,Yes,RoomTexWallOrange00,4915,4GirW6p4notkWfhs7
orange-paint wall,,No,NA,No,1600,400,Orange,Orange,NA,NA,Nook's Cranny,,NA,NA,Four Pane,Natural Wood,Glass,None,NA,Stone,151,fancy,child's room,None,Stucco Walls,For sale,1.0.0,Yes,RoomTexWallStucco01,4809,TFsdbmb9sti7Gz3pt
paintball wall,,No,NA,No,3000,750,White,Colorful,NA,NA,Saharah,,NA,NA,Single Pane,Grey Metal,Glass,Slatted Blinds,Aluminium,Stone,451,workshop,facility,None,Stone Walls,Not for sale,1.0.0,Yes,RoomTexWallAtelier00,4854,qnE76Sd6WdnihirBL
palace wall,,Yes,NA,No,3000,750,Beige,White,NA,NA,Saharah,,NA,NA,None,NA,NA,None,NA,Stone,451,expensive,heritage,None,Special Inorganic Walls,Not for sale,1.0.0,Yes,RoomSpWallPalace00,5502,fGigBL7P6sRsv25Au
party wall,,No,NA,No,NFS,370,Colorful,White,NA,NA,Birthday,,Birthday,Yes,Four Pane,Dark Wood,Glass,Roller Shades,White,Cloth,573,party,fancy,None,Cloth Walls,Not for sale,1.0.0,Yes,RoomTexWallParty00,5226,9v4H4NeFMQR9tKLj7
pastel dotted wall,,No,NA,No,1100,275,White,Colorful,NA,NA,Nook's Cranny,,NA,NA,Four Pane,Dark Wood,Glass,Curtains,White,Wood,151,fancy,child's room,None,Dot,For sale,1.0.0,Yes,RoomTexWallDot01,4899,m4ha6kr7tPuio5AcL
pastel puzzle wall,,No,NA,No,1540,385,White,White,NA,NA,Nook's Cranny,,NA,NA,Single Pane,White Metal,Glass,Slatted Blinds,White Plastic,Cloth,151,fancy,child's room,None,Puzzle Walls,For sale,1.0.0,Yes,RoomTexWallPuzzle00,4886,b3EvGiavTx8QPHrfP
peach two-toned tile wall,,No,NA,No,1850,462,Pink,Pink,NA,NA,Nook's Cranny,,NA,NA,Sliding Pane,White Metal,Glass,None,NA,Stone,151,bathroom,facility,None,Two-Tone Tile Walls,For sale,1.0.0,Yes,RoomTexWallTwoToneTile04,6857,m9bGMPzT4cjdMddyY
peach wall,,No,NA,Yes,NFS,4000,Pink,Pink,NA,NA,Crafting,,NA,NA,Four Pane,Grey Wood,Glass,Roller Shades,White,Cloth,103,fancy,child's room,fruits,Fruit Walls,Not for sale,1.0.0,Yes,RoomTexWallPeach00,4918,cpGXBrDm4SXGAXraz
pear wall,,No,NA,Yes,NFS,4000,Green,Green,NA,NA,Crafting,,NA,NA,Four Pane,Grey Wood,Glass,Roller Shades,White,Cloth,103,fancy,child's room,fruits,Fruit Walls,Not for sale,1.0.0,Yes,RoomTexWallPear00,4917,vtaaw7vsoJD8meQuM
perforated-board wall,,No,NA,No,1180,295,Brown,Brown,NA,NA,Nook's Cranny,,NA,NA,None,NA,NA,None,NA,Tile,151,music,facility,None,Pegboard Walls,For sale,1.0.0,Yes,RoomTexWallPegboard01,4921,BThQrmfp4EnBqyfv3
pink blossoming wall,,No,NA,No,1760,440,Pink,Brown,NA,NA,Nook's Cranny,,NA,NA,Four Pane,Dark Wood,Glass,Curtains,Red Checkered,Wood,151,fancy,living room,None,Country,For sale,1.0.0,Yes,RoomTexWallCountry01,4895,zgZSrtarnCJG53AdD
pink diner wall,,No,NA,No,2420,605,Pink,Colorful,NA,NA,Nook's Cranny,,NA,NA,Single Pane,White Metal,Glass,Slatted Blinds,White Plastic,Stone,151,fancy,shop,None,Diner Walls,For sale,1.0.0,Yes,RoomTexWallDiner01,7242,MXeKHor4q66HH3GJs
pink flower-print wall,,No,NA,No,1780,445,Pink,Pink,NA,NA,Nook's Cranny,,NA,NA,Four Pane,Natural Wood,Glass,Curtains,Pink,Wood,151,fancy,living room,None,Flower Walls,For sale,1.0.0,Yes,RoomTexWallFlower00,4893,eCN5rZb7sXsoWSCmW
pink heart-pattern wall,,No,NA,No,1280,320,Pink,Pink,NA,NA,Nook's Cranny,,NA,NA,Four Pane,White Wood,Glass,Roller Shades,White,Cloth,151,fancy,child's room,None,Heart Walls,For sale,1.0.0,Yes,RoomTexWallHeart01,4875,4f732CJdDvXxHDQsd
pink painted-wood wall,,No,NA,No,1650,412,Pink,Pink,NA,NA,Nook's Cranny,,NA,NA,Four Pane,White Wood,Glass,None,NA,Wood,151,fancy,child's room,None,Painted Wood,For sale,1.0.0,Yes,RoomTexWallPaintWood02,4802,tjx2TsuHTcr4jaMHM
pink playroom wall,,No,NA,No,2540,635,Pink,Pink,NA,NA,Nook's Cranny,,NA,NA,Sliding Pane,White Metal,Glass,None,NA,Cloth,151,child's room,fancy,None,Toy Walls,For sale,1.0.0,Yes,RoomTexWallToy01,4889,xYNWemEyTsD9zG8iC
pink quilt wall,,No,NA,No,2150,537,Pink,White,NA,NA,Nook's Cranny,,NA,NA,Four Pane,White Wood,Glass,Curtains,White Lace,Cloth,151,fancy,child's room,None,Dollhouse Walls,For sale,1.0.0,Yes,RoomTexWallDollhouse00,7274,gToedZLPo7MbMvpah
pink shanty wall,,No,NA,No,620,155,Pink,Pink,NA,NA,Nook's Cranny,,NA,NA,Single Pane,Grey Wood,Glass,Slatted Blinds,White Plastic,Stone,151,workshop,None,None,Tin Walls,For sale,1.0.0,Yes,RoomTexWallTin01,4924,WfmPknxrLpp25SMbS
pink simple-cloth wall,,No,NA,No,750,187,Pink,Pink,NA,NA,Nook's Cranny,,NA,NA,Four Pane,White Wood,Glass,Curtains,White,Wood,151,child's room,living room,None,Simple Walls,For sale,1.0.0,Yes,RoomTexWallSimple02,4868,mH2zs7NpfPgERmHwm
pink-crown wall,,No,NA,No,2350,587,Pink,White,NA,NA,Nook's Cranny,,NA,NA,None,NA,NA,None,NA,Tile,151,fancy,expensive,None,Crown Walls,For sale,1.0.0,Yes,RoomTexWallCrown02,4816,cwBg3xvzjfh2qm7Lg
pink-striped wall,,No,NA,No,1520,380,Pink,White,NA,NA,Nook's Cranny,,NA,NA,Four Pane,White Wood,Glass,Roller Shades,White,Cloth,151,fancy,child's room,None,Stripe Walls,For sale,1.0.0,Yes,RoomTexWallStripe01,4943,Pwd2z87xxFm52tA28
pirate wall,,Yes,NA,No,NFS,750,Blue,Brown,NA,NA,Gullivarrr,,NA,NA,None,NA,NA,None,NA,Wood,451,ocean,None,pirate,Special Walls,Not for sale,1.3.0,Yes,RoomSpWallPirates00,12567,DydGczJz6fqyAZJuA
Pompompurin wall,,No,NA,No,3000,750,Yellow,Brown,NA,NA,Nook Shopping Promotion,Scan the associated Sanrio amiibo card,NA,NA,None,NA,NA,None,NA,Cloth,201,fancy,None,Pompompurin,Sanrio Walls,Not in catalog,1.9.0,Yes,RoomTexWallPurin00,10174,AzWS3tTqRkGWGcTZz
prom wall,,Yes,Synchro,No,3000,750,Purple,Colorful,NA,NA,Nook Shopping Seasonal,,Prom (1),Yes,None,NA,NA,None,NA,Cloth,201,party,None,None,Special Walls,Not in catalog,1.9.0,No,RoomSpWallBallroom00,14252,PSDiTRHahnqgc3vEY
purple camo wall,,No,NA,No,1150,287,Purple,Purple,NA,NA,Nook's Cranny,,NA,NA,Single Pane,White Metal,Glass,Slatted Blinds,White Plastic,Cloth,151,party,child's room,None,Camouflage,For sale,1.0.0,Yes,RoomTexWallCamouflage02,4885,AY2jSyyAd4BD74xQ7
purple desert-tile wall,,No,NA,No,2440,610,Purple,Purple,NA,NA,Nook's Cranny,,NA,NA,Sliding Pane,White Metal,Glass,None,NA,Stone,151,bathroom,facility,None,Morocco,For sale,1.0.0,Yes,RoomTexWallMorocco02,6864,2y5jPPPs3so7APToC
purple dotted wall,,No,NA,No,1100,275,Purple,White,NA,NA,Nook's Cranny,,NA,NA,Four Pane,Natural Wood,Glass,Curtains,White,Wood,151,fancy,child's room,None,Dot,For sale,1.0.0,Yes,RoomTexWallDot04,4902,JRu4Xs5kYG4ognk2P
purple puzzle wall,,No,NA,No,1540,385,Purple,Colorful,NA,NA,Nook's Cranny,,NA,NA,Single Pane,White Metal,Glass,Slatted Blinds,White Plastic,Cloth,151,fancy,child's room,None,Puzzle Walls,For sale,1.0.0,Yes,RoomTexWallPuzzle03,6875,iG8MR3f2F2jDsLjT9
purple quilt wall,,No,NA,No,2150,537,Purple,White,NA,NA,Nook's Cranny,,NA,NA,Four Pane,White Wood,Glass,Curtains,White Lace,Cloth,151,fancy,child's room,None,Dollhouse Walls,For sale,1.0.0,Yes,RoomTexWallDollhouse03,7275,tmY5uczEnYXA6fdeQ
purple-rose wall,,No,NA,No,1720,430,Purple,Purple,NA,NA,Nook's Cranny,,NA,NA,Arch,Grey Metal,Glass,None,NA,Wood,151,fancy,None,None,Rose Walls,For sale,1.0.0,Yes,RoomTexWallRose01,4907,kHEHhFZSfDXTHtZAa
rammed-earth wall,,No,NA,No,1800,450,Brown,Beige,NA,NA,Nook's Cranny,,NA,NA,None,NA,NA,None,NA,Stone,151,heritage,None,None,Stone Walls,For sale,1.0.0,Yes,RoomTexWallHanchiku00,4845,9AafcLh3QkLp2tdWj
ramshackle wall,,No,NA,No,3000,750,Brown,Beige,NA,NA,Saharah,,NA,NA,Four Pane,Dark Wood,Glass,None,NA,Stone,451,horror,None,None,Stone Walls,Not for sale,1.0.0,Yes,RoomTexWallRuins00,5225,bTb98gEchXobwaqdt
red art-deco wall,,No,NA,No,2780,695,Red,Black,NA,NA,Nook's Cranny,,NA,NA,Arch,Grey Metal,Glass,None,NA,Wood,151,child's room,living room,None,Art Deco Walls,For sale,1.0.0,Yes,RoomTexWallArtDeco01,4818,R3zgKkrxc3ar4y9A8
red delicate-blooms wall,,No,NA,No,1900,475,Red,Brown,NA,NA,Nook's Cranny,,NA,NA,Four Pane,Dark Wood,Glass,Roller Shades,Undyed,Wood,151,expensive,living room,None,Manor Walls,For sale,1.0.0,Yes,RoomTexWallManor01,4897,F7oWFwEAh4evtkJcb
red dotted wall,,No,NA,No,1100,275,Red,Red,NA,NA,Nook's Cranny,,NA,NA,Four Pane,White Wood,Glass,Curtains,White,Wood,151,fancy,child's room,None,Dot,For sale,1.0.0,Yes,RoomTexWallDot02,4900,3mfqbt8sXR88eDfTk
red heart-pattern wall,,No,NA,No,1280,320,Red,Red,NA,NA,Nook's Cranny,,NA,NA,Four Pane,White Wood,Glass,Roller Shades,White,Cloth,151,fancy,child's room,None,Heart Walls,For sale,1.0.0,Yes,RoomTexWallHeart03,6870,TPrtAkkWJa7KpLady
red intricate wall,,No,NA,No,1570,392,Red,White,NA,NA,Nook's Cranny,,NA,NA,Four Pane,Grey Wood,Glass,Roller Shades,White,Wood,151,living room,shop,None,Flower Pop Walls,For sale,1.0.0,Yes,RoomTexWallFlowerPop03,6879,yasngHr44QgXc9tYs
red perforated-board wall,,No,NA,No,1180,295,Red,Red,NA,NA,Nook's Cranny,,NA,NA,None,NA,NA,None,NA,Tile,151,music,facility,None,Pegboard Walls,For sale,1.0.0,Yes,RoomTexWallPegboard03,6853,TCLSE3BdkCQeiM7wX
red two-toned tile wall,,No,NA,No,1850,462,Red,Red,NA,NA,Nook's Cranny,,NA,NA,Sliding Pane,White Metal,Glass,None,NA,Stone,151,bathroom,facility,None,Two-Tone Tile Walls,For sale,1.0.0,Yes,RoomTexWallTwoToneTile03,6856,u9dKmtft32t4cxxiW
red-brick wall,,No,NA,No,1000,250,Red,Brown,NA,NA,Nook's Cranny,,NA,NA,Four Pane,Dark Wood,Glass,None,NA,Wood,151,facility,shop,None,Brick,For sale,1.0.0,Yes,RoomTexWallBrick01,4928,Hu3jyiCP23j78PCdX
retro flower-print wall,,No,NA,No,1660,415,Green,Green,NA,NA,Nook's Cranny,,NA,NA,Four Pane,White Wood,Glass,Curtains,White Lace,Wood,151,fancy,living room,None,Cloth Walls,For sale,1.0.0,Yes,RoomTexWallKitsch00,4847,MdWwebM7zyeBdykxp
rice-paddy wall,,Yes,Synchro,No,3000,750,Aqua,Green,NA,NA,Saharah,,NA,NA,None,NA,NA,None,NA,Plain,451,garden,None,None,Special Cool Nature Walls,Not for sale,1.0.0,Yes,RoomSpWallFarm00,5487,TnHvGeJGKioxc95mH
ringside seating,,Yes,NA,No,3000,750,Black,Black,NA,NA,Saharah,,NA,NA,None,NA,NA,None,NA,Plain,451,fitness,None,None,Special Walls,Not for sale,1.0.0,Yes,RoomSpWallWrestling00,5512,bg9rQRYAbzeD8rLCw
rock-climbing wall,,No,NA,No,3000,750,White,Colorful,NA,NA,Saharah,,NA,NA,None,NA,NA,None,NA,Stone,451,fitness,None,None,Neta Walls,Not for sale,1.0.0,Yes,RoomTexWallBouldering00,4851,CRvqDNWfXzY2ibXvG
rose wall,,No,NA,No,1720,430,Red,White,NA,NA,Nook's Cranny,,NA,NA,Arch,Wood,Glass,None,NA,Wood,151,fancy,None,None,Rose Walls,For sale,1.0.0,Yes,RoomTexWallRose00,4906,azgSWFRcgeuopRWrH
ruins wall,,No,NA,No,3000,750,Black,Gray,NA,NA,Saharah,,NA,NA,None,NA,NA,None,NA,Stone,451,horror,heritage,None,Nature Walls,Not for sale,1.0.0,Yes,RoomTexWallRemains00,5228,ZHiKhqts5brebhYH9
rustic-stone wall,,No,NA,Yes,NFS,1750,Gray,Gray,NA,NA,Crafting,,NA,NA,Four Pane,Dark Wood,Glass,None,NA,Stone,103,facility,shop,None,Stone Walls,Not for sale,1.0.0,Yes,RoomTexWallStone00,4813,xP7S673w2oNwNHowp
sakura-wood wall,,No,NA,Yes,NFS,3200,Pink,Pink,NA,NA,Crafting,,cherry-blossom petals,Yes,Four Pane,Grey Wood,Glass,Curtains,Pink,Wood,201,child's room,fancy,cherry blossoms,Wood Walls,Not for sale,1.0.0,Yes,RoomTexWallSolidWood00,4947,jFtMrj8NBC3o4ALzG
sci-fi wall,,Yes,Random,Yes,NFS,7500,Black,Black,NA,NA,Crafting,,NA,NA,None,NA,NA,None,NA,Tile,103,space,facility,None,Special Inorganic Walls,Not for sale,1.0.0,Yes,RoomSpWallSF00,5510,y48TLWMbXCbrWQp5a
screen wall,,No,NA,No,3000,750,White,White,NA,NA,Nook's Cranny,,NA,NA,None,NA,NA,None,NA,Wood,151,harmonious,facility,None,Japanese Style,For sale,1.0.0,Yes,RoomTexWallFusuma00,4819,wk4ST89FjabXnZPXy
sea view,,Yes,Synchro,No,3000,750,Aqua,Blue,NA,NA,Saharah,,NA,NA,None,NA,NA,None,NA,Plain,451,ocean,None,None,Special Cool Nature Walls,Not for sale,1.0.0,Yes,RoomSpWallSeaView00,5501,fHQn9EzoTxznm7nJ9
security-monitors wall,,Yes,Random,No,3000,750,Black,Gray,NA,NA,Saharah,,NA,NA,None,NA,NA,None,NA,Tile,451,facility,None,None,Special Inorganic Walls,Not for sale,1.0.0,Yes,RoomSpWallMonitor00,5491,N6T3rBvQdYoJoXkrH
sepia puzzle wall,,No,NA,No,1540,385,Beige,Colorful,NA,NA,Nook's Cranny,,NA,NA,Single Pane,White Metal,Glass,Slatted Blinds,White Plastic,Cloth,151,fancy,child's room,None,Puzzle Walls,For sale,1.0.0,Yes,RoomTexWallPuzzle02,6874,2mtYv7D25wDqMWi6P
server-room wall,,Yes,Random,No,3000,750,Black,Black,NA,NA,Saharah,,NA,NA,None,NA,NA,None,NA,Tile,451,facility,None,None,Special Inorganic Walls,Not for sale,1.0.0,Yes,RoomSpWallServer00,5490,ycnhxNaWfeXEq5x7A
shoji screen,,Yes,NA,No,1880,470,Beige,White,NA,NA,Nook's Cranny,,NA,NA,None,NA,NA,None,NA,Wood,151,harmonious,None,None,Japanese Style,For sale,1.0.0,Yes,RoomSpWallShoji00,4863,5RdqeAZAvdCR5QxqM
shutter wall,,No,NA,No,3000,750,White,Gray,NA,NA,Saharah,,NA,NA,None,NA,NA,None,NA,Stone,451,facility,shop,None,Iron Walls,Not for sale,1.0.0,Yes,RoomTexWallShutter00,4825,4ez74JDpR9kmiroQr
ski-slope wall,,Yes,Synchro,Yes,NFS,3200,White,White,NA,NA,Crafting,,snowflakes,Yes,None,NA,NA,None,NA,Plain,201,freezing cold,None,None,Special Cool Nature Walls,Not for sale,1.0.0,Yes,RoomSpWallGelande00,5498,hCdDcFDBWEe6pmctp
skull wall,,Yes,LightOff,No,3000,750,Black,Black,NA,NA,Nook's Cranny,,NA,NA,Single Pane,Black Metal,Glass,Slatted Blinds,Black Plastic,Cloth,151,horror,child's room,None,Special Inorganic Walls,For sale,1.0.0,Yes,RoomSpWallSkull00,5520,7GLt2YDxMDyp8EJth
sky wall,,Yes,Synchro,No,3000,750,Aqua,White,NA,NA,Saharah,,NA,NA,None,NA,NA,None,NA,Plain,451,fancy,None,None,Special Cool Nature Walls,Not for sale,1.0.0,Yes,RoomSpWallCloud00,5504,9YmTrPqSZRCvxRtLi
skyscraper wall,,No,NA,No,3000,750,Black,Gray,NA,NA,Saharah,,NA,NA,None,NA,NA,None,NA,Stone,451,expensive,None,None,Neta Walls,Not for sale,1.0.0,Yes,RoomTexWallSkyscraper00,4852,Ah36ZRM9QBHBt7HZF
snowflake wall,,No,NA,Yes,NFS,4800,Aqua,Aqua,NA,NA,Crafting,,snowflakes,Yes,Four Pane,Grey Wood,Glass,Roller Shades,White,Cloth,201,freezing cold,None,None,Cloth Walls,Not for sale,1.0.0,Yes,RoomTexWallSnowCrystal00,4855,w5MEjbgphAwDo42mk
soothing tearoom wall,,No,NA,No,1750,437,White,Beige,NA,NA,Nook's Cranny,,NA,NA,Circle,Natural Wood,Screen,None,NA,Wood,151,harmonious,shop,None,Tea Room Walls,For sale,1.0.0,Yes,RoomTexWallMud01,11177,Bke28iGoY3LhDagx4
spooky wall,,No,NA,No,NFS,3000,Orange,Purple,NA,NA,All villagers,Trade candy or a lollipop with a villager,Halloween,Yes,Four Pane,Dark Wood,Glass,None,NA,Cloth,231,horror,None,spooky,Stripe Walls,Not for sale,1.5.0,Yes,RoomTexWallHalloween00,13224,hD6Y9zX2se2nKpxWy
stacked-wood wall,,No,NA,Yes,NFS,1800,Brown,Brown,NA,NA,Crafting,,NA,NA,None,NA,NA,None,NA,Wood,103,workshop,facility,None,Wood Walls,Not for sale,1.0.0,Yes,RoomTexWallFireWood00,4844,TZi9bo7GYzJxPJNNe
stadium wall,,Yes,NA,No,3000,750,Colorful,Colorful,NA,NA,Saharah,,NA,NA,None,NA,NA,None,NA,Plain,451,fitness,None,None,Special Cool Nature Walls,Not for sale,1.0.0,Yes,RoomSpWallStadium00,5503,oJoGTXMzLnYTpdBaf
standard tearoom wall,,No,NA,No,1750,437,Green,Green,NA,NA,Nook's Cranny,,NA,NA,Circle,Natural Wood,Screen,None,NA,Wood,151,harmonious,None,None,Tea Room Walls,For sale,1.0.0,Yes,RoomTexWallMud00,5521,4Zv8KLzxrsm6k53pN
starry wall,,Yes,LightOff,Yes,NFS,7500,Gray,White,NA,NA,Crafting,,NA,NA,Four Pane,White Wood,Glass,Roller Shades,White,Cloth,103,fancy,child's room,None,Special Cool Nature Walls,Not for sale,1.0.0,Yes,RoomSpWallStarPrint00,5528,sjnLXANKDEPMzdGbn
starry-sky wall,,Yes,NA,Yes,NFS,7500,Blue,Blue,NA,NA,Crafting,,NA,NA,None,NA,NA,None,NA,Plain,103,space,None,stars,Special Cool Nature Walls,Not for sale,1.0.0,Yes,RoomSpWallStarSky00,5500,iMQgW8pWYPWbj9Qom
stately wall,,No,NA,No,2450,612,White,White,NA,NA,Nook's Cranny,,NA,NA,None,NA,NA,None,NA,Stone,151,expensive,None,None,Asia,For sale,1.0.0,Yes,RoomTexWallRenaissance00,4861,BdPATBHc8m7YvJzwP
steel-frame wall,,No,NA,Yes,NFS,6000,Red,Gray,NA,NA,Crafting,,NA,NA,None,NA,NA,None,NA,Stone,103,workshop,facility,None,Iron Walls,Not for sale,1.0.0,Yes,RoomTexWallSteel00,4801,K2uSKanJ3r6bQt6MG
stone wall,,No,NA,Yes,NFS,1500,Black,Gray,NA,NA,Crafting,,NA,NA,None,NA,NA,None,NA,Stone,103,horror,facility,None,Stone Walls,Not for sale,1.0.0,Yes,RoomTexWallBasement00,5216,8hnPcADHfoEpvgSAS
stormy-night wall,,Yes,Random,No,3000,750,Black,Gray,NA,NA,Saharah,,NA,NA,None,NA,NA,None,NA,Plain,451,horror,None,None,Special Warm Nature Walls,Not for sale,1.0.0,Yes,RoomSpWallThunder00,5499,Y3sjyMeHtDFcdBfrM
straw wall,,No,NA,No,3000,750,Beige,Beige,NA,NA,Saharah,,NA,NA,None,NA,NA,None,NA,Stone,451,heritage,None,None,Wood Walls,Not for sale,1.0.0,Yes,RoomTexWallStraw00,5217,u3orRaGAX2iwdtCLG
strawberry-chocolate wall,,No,NA,No,3000,750,Pink,Pink,NA,NA,Saharah,,NA,NA,None,NA,NA,None,NA,Tile,451,fancy,None,None,Chocolate,Not for sale,1.0.0,Yes,RoomTexWallChocolate02,4934,G5QeNa2L26MwuCexA
street-art wall,,No,NA,No,3000,750,Colorful,Colorful,NA,NA,Saharah,,NA,NA,None,NA,NA,None,NA,Stone,451,workshop,None,None,Neta Walls,Not for sale,1.0.0,Yes,RoomTexWallStreetArt00,5221,88hCuytidryqimPXr
summit wall,,Yes,Synchro,No,3000,750,Black,White,NA,NA,Saharah,,NA,NA,None,NA,NA,None,NA,Plain,451,garden,None,None,Special Cool Nature Walls,Not for sale,1.0.0,Yes,RoomSpWallMountainTop00,5513,hFmF2iNjDvLGfF3Rf
tree-lined wall,,No,NA,No,3000,750,Green,Aqua,NA,NA,Saharah,,NA,NA,None,NA,NA,None,NA,Stone,451,garden,None,None,Nature Walls,Not for sale,1.0.0,Yes,RoomTexWallRoadsideTree00,5456,aLzrLXC7Nyk6h6pDw
tropical vista,,Yes,Synchro,Yes,NFS,6000,Aqua,Beige,NA,NA,Crafting,,summer shells,Yes,None,NA,NA,None,NA,Plain,201,ocean,None,None,Special Cool Nature Walls,Not for sale,1.0.0,Yes,RoomSpWallTropical00,5661,sZgNFwEcxpLSAxB4X
Turkey Day wall,,No,NA,No,NFS,750,Beige,Beige,NA,NA,Franklin,Reward for giving Franklin the requested ingredients,Turkey Day,Yes,None,NA,NA,None,NA,Cloth,351,party,None,Turkey Day,None,Not for sale,1.6.0,Yes,RoomTexWallHarvest00,13318,FofB2mpArZFhp3QJC
underwater wall,,Yes,Synchro,Yes,NFS,8600,Blue,Aqua,NA,NA,Crafting,,summer shells,Yes,None,NA,NA,None,NA,Plain,201,ocean,None,None,Special Cool Nature Walls,Not for sale,1.0.0,Yes,RoomSpWallFishTank00,5508,QXNnruZcwJursNmjP
wavy-tile wall,,No,NA,No,1740,435,Gray,White,NA,NA,Nook's Cranny,,NA,NA,None,NA,NA,None,NA,Stone,151,shop,facility,None,Tile Walls,For sale,1.0.0,Yes,RoomTexWallWaveTile00,4832,eLQ2JDZKjrzcnP9gn
wedding-party wall,,No,NA,No,NFS,437,White,White,12,Heart Crystals,Cyrus,,Wedding Season,Yes,None,NA,NA,None,NA,Stone,437,party,expensive,wedding,Cloth Walls,Not for sale,1.2.0,Yes,RoomTexWallJuneBride00,12461,xT6kyFtbGPpR8nRM3
western vista,,Yes,Synchro,No,3000,750,Brown,Beige,NA,NA,Saharah,,NA,NA,None,NA,NA,None,NA,Plain,451,heritage,horror,None,Special Cool Nature Walls,Not for sale,1.0.0,Yes,RoomSpWallWilderness00,5489,tYFKmm4XzGGGQAcfG
white botanical-tile wall,,No,NA,No,1240,310,White,White,NA,NA,Nook's Cranny,,NA,NA,Single Pane,White Wood,Glass,Slatted Blinds,White Plastic,Stone,151,facility,expensive,None,Wood Tile Walls,For sale,1.0.0,Yes,RoomTexWallWoodTile00,4826,QyrvwKiKMmNvm7KxR
white delicate-blooms wall,,No,NA,No,1900,475,White,White,NA,NA,Nook's Cranny,,NA,NA,Four Pane,Dark Wood,Glass,Roller Shades,Undyed,Wood,151,expensive,living room,None,Manor Walls,For sale,1.0.0,Yes,RoomTexWallManor00,4891,ZDpt8b6TTGr2hihP5
white hallway wall,,No,NA,No,2000,500,White,White,NA,NA,Nook's Cranny,,NA,NA,None,NA,NA,None,NA,Wood,151,facility,music,None,Hall Walls,For sale,1.0.0,Yes,RoomTexWallHall02,6861,HZoM3iHpKrQPBK2Gh
white honeycomb-tile wall,,No,NA,No,1680,420,White,White,NA,NA,Nook's Cranny,,NA,NA,Sliding Pane,White Metal,Glass,None,NA,Stone,151,bathroom,facility,None,Honeycomb,For sale,1.0.0,Yes,RoomTexWallHoneycomb03,4914,K8mdzBZZeBLxZEAzZ
white painted-wood wall,,No,NA,No,1650,412,White,White,NA,NA,Nook's Cranny,,NA,NA,Four Pane,White Wood,Glass,None,NA,Wood,151,living room,child's room,None,Painted Wood,For sale,1.0.0,Yes,RoomTexWallPaintWood03,4803,cN4bnHaw4mruhnMZk
white perforated-board wall,,No,NA,No,1180,295,White,White,NA,NA,Nook's Cranny,,NA,NA,None,NA,NA,None,NA,Tile,151,music,facility,None,Pegboard Walls,For sale,1.0.0,Yes,RoomTexWallPegboard00,4920,krohWS7x49N2hCKrF
white simple-cloth wall,,No,NA,No,750,187,White,White,NA,NA,Nook's Cranny,,NA,NA,Four Pane,Light Wood,Glass,Curtains,White,Wood,151,child's room,living room,None,Simple Walls,For sale,1.0.0,Yes,RoomTexWallSimple00,4939,z2Zh2fzFwCbvMDm8J
white subway-tile wall,,No,NA,No,1340,335,White,White,NA,NA,Nook's Cranny,,NA,NA,Sliding Pane,White Metal,Glass,None,NA,Stone,151,facility,shop,None,Metro Walls,For sale,1.0.0,Yes,RoomTexWallMetro01,4941,ajXm5zy9pwf7XEyHF
white wedding wall,,Yes,NA,No,NFS,750,White,Pink,12,Heart Crystals,Cyrus,,Wedding Season,Yes,None,NA,NA,None,NA,Stone,437,party,expensive,wedding,Cloth Walls,Not for sale,1.2.0,Yes,RoomSpWallChurch00,12466,mKuptCLkH2MknX2PN
white-brick wall,,No,NA,No,1000,250,White,White,NA,NA,Nook's Cranny,,NA,NA,Four Pane,White Wood,Glass,None,NA,Wood,151,facility,shop,None,Brick,For sale,1.0.0,Yes,RoomTexWallBrick00,4927,htjwxjceb2hc6GxjX
white-chocolate wall,,No,NA,No,3000,750,White,Beige,NA,NA,Saharah,,NA,NA,None,NA,NA,None,NA,Tile,451,fancy,None,None,Chocolate,Not for sale,1.0.0,Yes,RoomTexWallChocolate01,4933,6qMhFdc2nDSvJSCfT
white-rose wall,,No,NA,No,1720,430,Pink,White,NA,NA,Nook's Cranny,,NA,NA,Arch,Grey Metal,Glass,None,NA,Wood,151,fancy,None,None,Rose Walls,For sale,1.0.0,Yes,RoomTexWallRose02,6868,yksDvcnnKqM7tnzas
wild-wood wall,,No,NA,Yes,NFS,1800,Black,Black,NA,NA,Crafting,,NA,NA,Single Pane,Dark Wood,Glass,Slatted Blinds,Dark Brown Wood,Stone,103,living room,shop,None,Wood Walls,Not for sale,1.0.0,Yes,RoomTexWallWildWood00,4858,vhJr7B96SnG3xQQCs
wooden-knot wall,,No,NA,Yes,NFS,1800,Brown,Brown,NA,NA,Crafting,,NA,NA,Four Pane,Natural Wood,Glass,Roller Shades,Undyed,Wood,103,living room,child's room,None,Wood Walls,Not for sale,1.0.0,Yes,RoomTexWallCedar00,4911,puQYs9hygxfcQWsjt
wooden-mosaic wall,,No,NA,Yes,NFS,1800,Brown,Brown,NA,NA,Crafting,,NA,NA,Single Pane,Natural Wood,Glass,Slatted Blinds,Brown Wood,Stone,103,living room,shop,None,Wood Plank Walls,Not for sale,1.0.0,Yes,RoomTexWallMixPlankWood00,4859,RgzoarteJyzD4xSAm
woodland wall,,No,NA,Yes,NFS,1380,Green,Green,NA,NA,Crafting,,NA,NA,None,NA,NA,None,NA,Stone,103,horror,facility,None,Nature Walls,Not for sale,1.0.0,Yes,RoomTexWallJukai00,5223,2B4YTYqnm64vgANY4
yellow flower-print wall,,No,NA,No,1780,445,Yellow,Yellow,NA,NA,Nook's Cranny,,NA,NA,Four Pane,Dark Wood,Glass,Curtains,Yellow,Wood,151,fancy,living room,None,Flower Walls,For sale,1.0.0,Yes,RoomTexWallFlower02,6872,esknqzcAenk8uqzYk
yellow heart-pattern wall,,No,NA,No,1280,320,Yellow,Yellow,NA,NA,Nook's Cranny,,NA,NA,Four Pane,White Wood,Glass,Roller Shades,White,Cloth,151,fancy,child's room,None,Heart Walls,For sale,1.0.0,Yes,RoomTexWallHeart02,6871,BqWMEqc2tL8CnPAmd
yellow intricate wall,,No,NA,No,1570,392,Yellow,White,NA,NA,Nook's Cranny,,NA,NA,Four Pane,Grey Wood,Glass,Roller Shades,White,Wood,151,living room,shop,None,Flower Pop Walls,For sale,1.0.0,Yes,RoomTexWallFlowerPop01,4849,FrZas8MjMdjDTPvkX
yellow playroom wall,,No,NA,No,2540,635,Yellow,Yellow,NA,NA,Nook's Cranny,,NA,NA,Sliding Pane,White Metal,Glass,None,NA,Cloth,151,child's room,fancy,None,Toy Walls,For sale,1.0.0,Yes,RoomTexWallToy03,6865,mraytANoYBQvA8qAk
yellow quilt wall,,No,NA,No,2150,537,Yellow,White,NA,NA,Nook's Cranny,,NA,NA,Four Pane,White Wood,Glass,Curtains,White Lace,Cloth,151,fancy,child's room,None,Dollhouse Walls,For sale,1.0.0,Yes,RoomTexWallDollhouse02,7276,ysEdh2vpCpg5qBcNg
yellow simple-cloth wall,,No,NA,No,750,187,Beige,Yellow,NA,NA,Nook's Cranny,,NA,NA,Four Pane,White Wood,Glass,Curtains,White,Wood,151,child's room,living room,None,Simple Walls,For sale,1.0.0,Yes,RoomTexWallSimple01,4867,7sSXFNqcYgPMcGY8k
yellow-paint wall,,No,NA,No,1600,400,Yellow,Yellow,NA,NA,Nook's Cranny,,NA,NA,Four Pane,Natural Wood,Glass,None,NA,Stone,151,fancy,child's room,None,Stucco Walls,For sale,1.0.0,Yes,RoomTexWallStucco00,4808,TySAA4kKqyvGGeZ5C
yellow-striped wall,,No,NA,No,1520,380,Yellow,Beige,NA,NA,Nook's Cranny,,NA,NA,Four Pane,White Wood,Glass,Roller Shades,White,Cloth,151,fancy,child's room,None,Stripe Walls,For sale,1.0.0,Yes,RoomTexWallStripe04,4946,N6sef3YhY973LDgdR